#
# A fatal error has been detected by the Java Runtime Environment:
#
#  EXCEPTION_ACCESS_VIOLATION (0xc0000005) at pc=0x00007ffc6da2b3c6, pid=18320, tid=11000
#
# JRE version: Java(TM) SE Runtime Environment (23.0.1+11) (build 23.0.1+11-39)
# Java VM: Java HotSpot(TM) 64-Bit Server VM (23.0.1+11-39, mixed mode, sharing, tiered, compressed oops, compressed class ptrs, g1 gc, windows-amd64)
# Problematic frame:
# C  [awt.dll+0xdb3c6]
#
# No core dump will be written. Minidumps are not enabled by default on client versions of Windows
#
# If you would like to submit a bug report, please visit:
#   https://bugreport.java.com/bugreport/crash.jsp
# The crash happened outside the Java Virtual Machine in native code.
# See problematic frame for where to report the bug.
#

---------------  S U M M A R Y ------------

Command Line: -XX:+ShowCodeDetailsInExceptionMessages App

Host: 11th Gen Intel(R) Core(TM) i7-1165G7 @ 2.80GHz, 8 cores, 7G,  Windows 11 , 64 bit Build 26100 (10.0.26100.3775)
Time: Wed Apr 16 21:20:59 2025 Arab Standard Time elapsed time: 264.338492 seconds (0d 0h 4m 24s)

---------------  T H R E A D  ---------------

Current thread (0x00000273c6780080):  JavaThread "AWT-EventQueue-0"        [_thread_in_native, id=11000, stack(0x0000007941500000,0x0000007941600000) (1024K)]

Stack: [0x0000007941500000,0x0000007941600000],  sp=0x00000079415fefd0,  free space=1019k
Native frames: (J=compiled Java code, j=interpreted, Vv=VM code, C=native code)
C  [awt.dll+0xdb3c6]  (no source info available)
C  [awt.dll+0xdcc02]  (no source info available)
C  0x00000273f2b4d307  (no source info available)

The last pc belongs to native method entry point (kind = native) (printed below).
Java frames: (J=compiled Java code, j=interpreted, Vv=VM code)
j  sun.awt.Win32GraphicsDevice.initNativeScale(I)V+0 java.desktop@23.0.1
j  sun.awt.Win32GraphicsDevice.initScaleFactors()V+60 java.desktop@23.0.1
j  sun.awt.Win32GraphicsDevice.displayChanged()V+16 java.desktop@23.0.1
j  sun.awt.Win32GraphicsEnvironment.displayChanged()V+271 java.desktop@23.0.1
j  sun.awt.windows.WToolkit.lambda$displayChanged$4()V+15 java.desktop@23.0.1
j  sun.awt.windows.WToolkit$$Lambda+0x00000273811ce408.run()V+0 java.desktop@23.0.1
J 1730 c1 java.awt.event.InvocationEvent.dispatch()V java.desktop@23.0.1 (69 bytes) @ 0x00000273eb82f214 [0x00000273eb82f000+0x0000000000000214]
J 1629 c1 java.awt.EventQueue.dispatchEventImpl(Ljava/awt/AWTEvent;Ljava/lang/Object;)V java.desktop@23.0.1 (139 bytes) @ 0x00000273eb7e8c24 [0x00000273eb7e7420+0x0000000000001804]
J 1631 c1 java.awt.EventQueue$4.run()Ljava/lang/Void; java.desktop@23.0.1 (60 bytes) @ 0x00000273eb7e972c [0x00000273eb7e9600+0x000000000000012c]
J 1591 c1 java.awt.EventQueue.dispatchEvent(Ljava/awt/AWTEvent;)V java.desktop@23.0.1 (80 bytes) @ 0x00000273eb7d46ac [0x00000273eb7d4100+0x00000000000005ac]
J 1632 c1 java.awt.EventDispatchThread.pumpOneEventForFilters(I)V java.desktop@23.0.1 (106 bytes) @ 0x00000273eb7ea364 [0x00000273eb7e9b40+0x0000000000000824]
j  java.awt.EventDispatchThread.pumpEventsForFilter(ILjava/awt/Conditional;Ljava/awt/EventFilter;)V+35 java.desktop@23.0.1
j  java.awt.EventDispatchThread.pumpEventsForHierarchy(ILjava/awt/Conditional;Ljava/awt/Component;)V+11 java.desktop@23.0.1
j  java.awt.EventDispatchThread.pumpEvents(ILjava/awt/Conditional;)V+4 java.desktop@23.0.1
j  java.awt.EventDispatchThread.pumpEvents(Ljava/awt/Conditional;)V+3 java.desktop@23.0.1
j  java.awt.EventDispatchThread.run()V+9 java.desktop@23.0.1
v  ~StubRoutines::call_stub 0x00000273f2b40fcd

siginfo: EXCEPTION_ACCESS_VIOLATION (0xc0000005), reading address 0x0000736c617571b5


Registers:
RAX=0x0000736c61757165, RBX=0x00000273c68c4750, RCX=0x0000736c61757165, RDX=0x0000000000000000
RSP=0x00000079415fefd0, RBP=0x00000079415ff0b0, RSI=0x0000000000000001, RDI=0x0000000000000000
R8 =0x0000000000000001, R9 =0x000000793f9bb000, R10=0x00000273f2b4d2d8, R11=0x0000000000000100
R12=0x0000000000000000, R13=0x00000273c122be88, R14=0x00000079415ff0d8, R15=0x00000273c6780080
RIP=0x00007ffc6da2b3c6, EFLAGS=0x0000000000010202


Register to memory mapping:

RAX=0x0000736c61757165 is an unknown value
RBX=0x00000273c68c4750 points into unknown readable memory: 0x00000273c5f06960 | 60 69 f0 c5 73 02 00 00
RCX=0x0000736c61757165 is an unknown value
RDX=0x0 is null
RSP=0x00000079415fefd0 is pointing into the stack for thread: 0x00000273c6780080
RBP=0x00000079415ff0b0 is pointing into the stack for thread: 0x00000273c6780080
RSI=0x0000000000000001 is an unknown value
RDI=0x0 is null
R8 =0x0000000000000001 is an unknown value
R9 =0x000000793f9bb000 points into unknown readable memory: 0x0000000000000000 | 00 00 00 00 00 00 00 00
R10=0x00000273f2b4d2d8 is at code_begin+1016 in an Interpreter codelet
native method entry point (kind = native)  [0x00000273f2b4cee0, 0x00000273f2b4db38]  3160 bytes
R11=0x0000000000000100 is an unknown value
R12=0x0 is null
R13={method} {0x00000273c122be90} 'initNativeScale' '(I)V' in 'sun/awt/Win32GraphicsDevice'
R14=0x00000079415ff0d8 is pointing into the stack for thread: 0x00000273c6780080
R15=0x00000273c6780080 is a thread

Top of Stack: (sp=0x00000079415fefd0)
0x00000079415fefd0:   00000273c68c4750 0000000000000001
0x00000079415fefe0:   00000273ff8d0150 00000273c68c4750
0x00000079415feff0:   00000273c68c4750 00007ffc6da2cc02
0x00000079415ff000:   00007ffc6da89838 00000273c122be88
0x00000079415ff010:   00000079415ff0c0 00000273ff8bffd0
0x00000079415ff020:   00000273f2b4889a 00000273f2b4d307
0x00000079415ff030:   00000273c122be88 00000079415ff150
0x00000079415ff040:   00000273c6780080 00000273f2b4889a
0x00000079415ff050:   0000000000000001 00007ffbd7c53c49
0x00000079415ff060:   00000079415ff1a0 fffffffffffffff7
0x00000079415ff070:   0000000000000000 0000000000000005
0x00000079415ff080:   00000273c122f580 0000000000000000
0x00000079415ff090:   000000008b9bfc10 00000273c122be88
0x00000079415ff0a0:   0000000000000000 00000079415ff0d0
0x00000079415ff0b0:   00000079415ff128 00000273f2b48700
0x00000079415ff0c0:   0000000000000000 00000273f2b4a5d7
0x00000079415ff0d0:   0000000000000000 000000008b9ceec8
0x00000079415ff0e0:   fffffffffffffff7 00000273c122c4dc
0x00000079415ff0f0:   0000000000000002 00000273c122f580
0x00000079415ff100:   0000000000000000 000000008b9bfc10
0x00000079415ff110:   00000273c122c528 fffffffffffffff5
0x00000079415ff120:   00000079415ff138 00000079415ff188
0x00000079415ff130:   00000273f2b48700 000000008b9ceec8
0x00000079415ff140:   fffffffffffffff7 00000273c122dda0
0x00000079415ff150:   0000000000000003 00000273c122f580
0x00000079415ff160:   0000000000000000 000000008b9bfc10
0x00000079415ff170:   00000273c122dde8 fffffffffffffff6
0x00000079415ff180:   00000079415ff1a0 00000079415ff1f0
0x00000079415ff190:   00000273f2b48700 0000000000000000
0x00000079415ff1a0:   000000008b9ceec8 fffffffffffffff7
0x00000079415ff1b0:   00000273c118947f 0000000000000008
0x00000079415ff1c0:   00000273c118db90 0000000000000000 

Instructions: (pc=0x00007ffc6da2b3c6)
0x00007ffc6da2b2c6:   11 45 d4 0f 11 45 e4 0f 11 45 f4 89 45 04 c7 45
0x00007ffc6da2b2d6:   a0 68 00 00 00 0f 11 44 24 34 0f 11 44 24 44 0f
0x00007ffc6da2b2e6:   11 44 24 54 0f 11 44 24 64 0f 11 44 24 74 0f 11
0x00007ffc6da2b2f6:   45 84 89 45 94 c7 44 24 30 68 00 00 00 48 8d 55
0x00007ffc6da2b306:   a0 49 8b ce ff 15 08 76 06 00 85 c0 74 41 48 8d
0x00007ffc6da2b316:   54 24 30 48 8b ce ff 15 f6 75 06 00 85 c0 74 2f
0x00007ffc6da2b326:   48 8d 54 24 34 48 8d 4d a4 ff 15 0b 75 06 00 85
0x00007ffc6da2b336:   c0 74 1c 48 8d 54 24 44 48 8d 4d b4 ff 15 f8 74
0x00007ffc6da2b346:   06 00 85 c0 74 09 8b 44 24 54 39 45 c4 74 11 ff
0x00007ffc6da2b356:   c7 3b 7b 0c 0f 8c 40 ff ff ff 8b 3d 1a b0 06 00
0x00007ffc6da2b366:   48 8b cb e8 f2 ca f4 ff 90 8b c7 48 8b 4d 10 48
0x00007ffc6da2b376:   33 cc e8 93 01 01 00 4c 8d 9c 24 20 01 00 00 49
0x00007ffc6da2b386:   8b 5b 28 49 8b 73 30 49 8b e3 41 5e 5f 5d c3 cc
0x00007ffc6da2b396:   cc cc cc cc cc cc cc cc cc cc 48 8b 41 08 48 8b
0x00007ffc6da2b3a6:   80 18 0c 00 00 c3 cc cc cc cc 48 8b 41 08 48 05
0x00007ffc6da2b3b6:   00 04 00 00 c3 cc cc cc cc cc 40 53 48 83 ec 20
0x00007ffc6da2b3c6:   83 79 50 00 48 8b d9 75 56 48 8b 49 28 4c 8d 44
0x00007ffc6da2b3d6:   24 38 48 8d 54 24 30 c7 44 24 30 00 00 80 bf c7
0x00007ffc6da2b3e6:   44 24 38 00 00 80 bf e8 1e e1 00 00 f3 0f 10 54
0x00007ffc6da2b3f6:   24 30 0f 57 c0 0f 2f d0 76 25 f3 0f 10 4c 24 38
0x00007ffc6da2b406:   0f 2f c8 76 1a f3 0f 5e 15 f9 a8 02 00 f3 0f 5e
0x00007ffc6da2b416:   0d f1 a8 02 00 f3 0f 11 53 48 f3 0f 11 4b 4c 48
0x00007ffc6da2b426:   83 c4 20 5b c3 cc cc cc cc cc 48 89 5c 24 10 48
0x00007ffc6da2b436:   89 74 24 18 57 41 56 41 57 48 83 ec 40 48 8b d9
0x00007ffc6da2b446:   48 83 79 18 00 75 14 b9 28 04 00 00 e8 19 97 00
0x00007ffc6da2b456:   00 48 89 43 18 c7 00 28 00 00 00 48 8b 43 18 33
0x00007ffc6da2b466:   ff 66 89 78 0e 48 8b 4b 28 e8 5c 03 00 00 48 8b
0x00007ffc6da2b476:   f0 41 bf 01 00 00 00 45 8b c7 41 8b d7 48 8b c8
0x00007ffc6da2b486:   ff 15 34 71 06 00 4c 8b f0 89 7c 24 30 48 8b 4b
0x00007ffc6da2b496:   18 48 89 4c 24 28 48 89 7c 24 20 45 8b cf 45 33
0x00007ffc6da2b4a6:   c0 48 8b d0 48 8b ce ff 15 2d 70 06 00 48 8b 53
0x00007ffc6da2b4b6:   30 48 8b 0b 8b 05 c4 ae 06 00 83 79 04 08 0f 8e 


Stack slot to memory mapping:

stack at sp + 0 slots: 0x00000273c68c4750 points into unknown readable memory: 0x00000273c5f06960 | 60 69 f0 c5 73 02 00 00
stack at sp + 1 slots: 0x0000000000000001 is an unknown value
stack at sp + 2 slots: 0x00000273ff8d0150 points into unknown readable memory: 0x00007ffbd7f9d480 | 80 d4 f9 d7 fb 7f 00 00
stack at sp + 3 slots: 0x00000273c68c4750 points into unknown readable memory: 0x00000273c5f06960 | 60 69 f0 c5 73 02 00 00
stack at sp + 4 slots: 0x00000273c68c4750 points into unknown readable memory: 0x00000273c5f06960 | 60 69 f0 c5 73 02 00 00
stack at sp + 5 slots: 0x00007ffc6da2cc02 awt.dll
stack at sp + 6 slots: 0x00007ffc6da89838 awt.dll
stack at sp + 7 slots: {method} {0x00000273c122be90} 'initNativeScale' '(I)V' in 'sun/awt/Win32GraphicsDevice'

Lock stack of current Java thread (top to bottom):

native method entry point (kind = native)  [0x00000273f2b4cee0, 0x00000273f2b4db38]  3160 bytes
[MachCode]
  0x00000273f2b4cee0: 488b 4b08 | 0fb7 492e | 584c 8d74 | ccf8 6800 | 0000 0068 | 0000 0000 | 5055 488b | ec41 5568 
  0x00000273f2b4cf00: 0000 0000 | 4c8b 6b08 | 4d8d 6d38 | 5348 8b53 | 0848 8b52 | 0848 8b52 | 1848 8b52 | 7048 8b12 
  0x00000273f2b4cf20: 5248 8b53 | 1048 85d2 | 0f84 0700 | 0000 4881 | c210 0100 | 0052 488b | 5308 488b | 5208 488b 
  0x00000273f2b4cf40: 5210 5249 | 8bc6 482b | c548 c1e8 | 0350 6800 | 0000 0068 | f7ff ffff | 41c6 8771 | 0400 0001 
  0x00000273f2b4cf60: 488b 4310 | 4885 c074 | 208b 88cc | 0000 0083 | c102 8988 | cc00 0000 | 2388 e000 | 0000 0f84 
  0x00000273f2b4cf80: 000b 0000 | e9cf 0000 | 0048 8b43 | 1848 85c0 | 0f85 b000 | 0000 e805 | 0000 00e9 | 9900 0000 
  0x00000273f2b4cfa0: 488b d348 | 8d44 2408 | 4c89 6dc0 | 498b cfc5 | f877 4989 | afb0 0300 | 0049 8987 | a003 0000 
  0x00000273f2b4cfc0: 4883 ec20 | 40f6 c40f | 0f84 1900 | 0000 4883 | ec08 48b8 | 9026 99d7 | fb7f 0000 | ffd0 4883 
  0x00000273f2b4cfe0: c408 e90c | 0000 0048 | b890 2699 | d7fb 7f00 | 00ff d048 | 83c4 2049 | c787 a003 | 0000 0000 
  0x00000273f2b4d000: 0000 49c7 | 87b0 0300 | 0000 0000 | 0049 c787 | a803 0000 | 0000 0000 | c5f8 7749 | 837f 0800 
  0x00000273f2b4d020: 0f84 0500 | 0000 e995 | 3eff ff4c | 8b6d c04c | 8b75 c84e | 8d74 f500 | c348 8b43 | 1848 85c0 
  0x00000273f2b4d040: 0f84 1200 | 0000 8b48 | 0883 c102 | 8948 0823 | 481c 0f84 | 2c0a 0000 | 493b a7e8 | 0400 000f 
  0x00000273f2b4d060: 8748 0000 | 0089 8424 | 00f0 ffff | 8984 2400 | e0ff ff89 | 8424 00d0 | ffff 8984 | 2400 c0ff 
  0x00000273f2b4d080: ff89 8424 | 00b0 ffff | 8984 2400 | a0ff ff89 | 8424 0090 | ffff 8984 | 2400 80ff | ff49 3ba7 
  0x00000273f2b4d0a0: e004 0000 | 7607 4989 | a7e8 0400 | 0041 c687 | 7104 0000 | 0049 ba41 | ad20 d8fb | 7f00 0041 
  0x00000273f2b4d0c0: 803a 000f | 843e 0000 | 0048 8b55 | e849 8bcf | 4883 ec20 | 40f6 c40f | 0f84 1900 | 0000 4883 
  0x00000273f2b4d0e0: ec08 48b8 | 10ee d0d7 | fb7f 0000 | ffd0 4883 | c408 e90c | 0000 0048 | b810 eed0 | d7fb 7f00 
  0x00000273f2b4d100: 00ff d048 | 83c4 2048 | 8b5d e84c | 8b5b 0845 | 0fb7 5b2e | 41c1 e303 | 492b e348 | 83ec 2048 
  0x00000273f2b4d120: 83e4 f04c | 8b5b 604d | 85db 0f85 | ab00 0000 | e805 0000 | 00e9 9900 | 0000 488b | d348 8d44 
  0x00000273f2b4d140: 2408 4c89 | 6dc0 498b | cfc5 f877 | 4989 afb0 | 0300 0049 | 8987 a003 | 0000 4883 | ec20 40f6 
  0x00000273f2b4d160: c40f 0f84 | 1900 0000 | 4883 ec08 | 48b8 f04d | 99d7 fb7f | 0000 ffd0 | 4883 c408 | e90c 0000 
  0x00000273f2b4d180: 0048 b8f0 | 4d99 d7fb | 7f00 00ff | d048 83c4 | 2049 c787 | a003 0000 | 0000 0000 | 49c7 87b0 
  0x00000273f2b4d1a0: 0300 0000 | 0000 0049 | c787 a803 | 0000 0000 | 0000 c5f8 | 7749 837f | 0800 0f84 | 0500 0000 
  0x00000273f2b4d1c0: e9fb 3cff | ff4c 8b6d | c04c 8b75 | c84e 8d74 | f500 c348 | 8b5d e84c | 8b5b 6041 | ffd3 488b 
  0x00000273f2b4d1e0: 5de8 4889 | 4518 448b | 5b28 41f6 | c308 0f84 | 1b00 0000 | 4c8b 5b08 | 4d8b 5b08 | 4d8b 5b18 
  0x00000273f2b4d200: 4d8b 5b70 | 4d8b 1b4c | 895d 1048 | 8d55 1048 | 8b43 5849 | ba60 3cd1 | d7fb 7f00 | 0049 3bc2 
  0x00000273f2b4d220: 0f85 ab00 | 0000 e805 | 0000 00e9 | 9900 0000 | 488b d348 | 8d44 2408 | 4c89 6dc0 | 498b cfc5 
  0x00000273f2b4d240: f877 4989 | afb0 0300 | 0049 8987 | a003 0000 | 4883 ec20 | 40f6 c40f | 0f84 1900 | 0000 4883 
  0x00000273f2b4d260: ec08 48b8 | f04d 99d7 | fb7f 0000 | ffd0 4883 | c408 e90c | 0000 0048 | b8f0 4d99 | d7fb 7f00 
  0x00000273f2b4d280: 00ff d048 | 83c4 2049 | c787 a003 | 0000 0000 | 0000 49c7 | 87b0 0300 | 0000 0000 | 0049 c787 
  0x00000273f2b4d2a0: a803 0000 | 0000 0000 | c5f8 7749 | 837f 0800 | 0f84 0500 | 0000 e905 | 3cff ff4c | 8b6d c04c 
  0x00000273f2b4d2c0: 8b75 c84e | 8d74 f500 | c348 8b5d | e848 8b43 | 5849 8d8f | c003 0000 | c5f8 7749 | 89af b003 
  0x00000273f2b4d2e0: 0000 49ba | d8d2 b4f2 | 7302 0000 | 4d89 97a8 | 0300 0049 | 89a7 a003 | 0000 41c7 | 8744 0400 
  0x00000273f2b4d300: 0004 0000 | 00ff d0c5 | f877 4883 | ec10 c5fb | 1104 2448 | 83ec 1048 | 8904 2448 | c744 2408 
  0x00000273f2b4d320: 0000 0000 | 41c7 8744 | 0400 0005 | 0000 00f0 | 8344 24c0 | 0049 3baf | 4804 0000 | 0f87 0e00 
  0x00000273f2b4d340: 0000 4183 | bf40 0400 | 0000 0f84 | 2000 0000 | 498b cf4c | 8be4 4883 | ec20 4883 | e4f0 48b8 
  0x00000273f2b4d360: 90a9 9ad7 | fb7f 0000 | ffd0 498b | e44d 33e4 | 41c7 8744 | 0400 0008 | 0000 0049 | c787 a003 
  0x00000273f2b4d380: 0000 0000 | 0000 49c7 | 87b0 0300 | 0000 0000 | 0049 c787 | a803 0000 | 0000 0000 | c5f8 774d 
  0x00000273f2b4d3a0: 8b9f 3004 | 0000 41c7 | 8300 0100 | 0000 0000 | 0049 bbda | a5b4 f273 | 0200 004c | 3b5d 180f 
  0x00000273f2b4d3c0: 8524 0300 | 0048 8b04 | 2448 83c4 | 1048 85c0 | 0f84 fe02 | 0000 a803 | 0f85 0800 | 0000 488b 
  0x00000273f2b4d3e0: 00e9 ee02 | 0000 a801 | 0f85 0900 | 0000 488b | 40fe e9dd | 0200 0048 | 8b40 ff41 | 807f 3800 
  0x00000273f2b4d400: 0f84 ce02 | 0000 4883 | f800 0f84 | c402 0000 | 4d8b 5f28 | 4983 fb00 | 0f84 1400 | 0000 4983 
  0x00000273f2b4d420: eb08 4d89 | 5f28 4d03 | 5f30 4989 | 03e9 a202 | 0000 4881 | ec50 0100 | 0048 8904 | 2448 894c 
  0x00000273f2b4d440: 2408 4889 | 5424 1048 | 8974 2418 | 4889 7c24 | 204c 8944 | 2428 4c89 | 4c24 304c | 8954 2438 
  0x00000273f2b4d460: 4c89 5c24 | 40c5 fb11 | 4424 50c5 | fb11 4c24 | 58c5 fb11 | 5424 60c5 | fb11 5c24 | 68c5 fb11 
  0x00000273f2b4d480: 6424 70c5 | fb11 6c24 | 78c5 fb11 | b424 8000 | 0000 c5fb | 11bc 2488 | 0000 00c5 | 7b11 8424 
  0x00000273f2b4d4a0: 9000 0000 | c57b 118c | 2498 0000 | 00c5 7b11 | 9424 a000 | 0000 c57b | 119c 24a8 | 0000 00c5 
  0x00000273f2b4d4c0: 7b11 a424 | b000 0000 | c57b 11ac | 24b8 0000 | 00c5 7b11 | b424 c000 | 0000 c57b | 11bc 24c8 
  0x00000273f2b4d4e0: 0000 0062 | e1ff 0811 | 4424 1a62 | e1ff 0811 | 4c24 1b62 | e1ff 0811 | 5424 1c62 | e1ff 0811 
  0x00000273f2b4d500: 5c24 1d62 | e1ff 0811 | 6424 1e62 | e1ff 0811 | 6c24 1f62 | e1ff 0811 | 7424 2062 | e1ff 0811 
  0x00000273f2b4d520: 7c24 2162 | 61ff 0811 | 4424 2262 | 61ff 0811 | 4c24 2362 | 61ff 0811 | 5424 2462 | 61ff 0811 
  0x00000273f2b4d540: 5c24 2562 | 61ff 0811 | 6424 2662 | 61ff 0811 | 6c24 2762 | 61ff 0811 | 7424 2862 | 61ff 0811 
  0x00000273f2b4d560: 7c24 2949 | 8bd7 488b | c848 83ec | 2040 f6c4 | 0f0f 8419 | 0000 0048 | 83ec 0848 | b8e0 078e 
  0x00000273f2b4d580: d7fb 7f00 | 00ff d048 | 83c4 08e9 | 0c00 0000 | 48b8 e007 | 8ed7 fb7f | 0000 ffd0 | 4883 c420 
  0x00000273f2b4d5a0: 6261 ff08 | 107c 2429 | 6261 ff08 | 1074 2428 | 6261 ff08 | 106c 2427 | 6261 ff08 | 1064 2426 
  0x00000273f2b4d5c0: 6261 ff08 | 105c 2425 | 6261 ff08 | 1054 2424 | 6261 ff08 | 104c 2423 | 6261 ff08 | 1044 2422 
  0x00000273f2b4d5e0: 62e1 ff08 | 107c 2421 | 62e1 ff08 | 1074 2420 | 62e1 ff08 | 106c 241f | 62e1 ff08 | 1064 241e 
  0x00000273f2b4d600: 62e1 ff08 | 105c 241d | 62e1 ff08 | 1054 241c | 62e1 ff08 | 104c 241b | 62e1 ff08 | 1044 241a 
  0x00000273f2b4d620: c57b 10bc | 24c8 0000 | 00c5 7b10 | b424 c000 | 0000 c57b | 10ac 24b8 | 0000 00c5 | 7b10 a424 
  0x00000273f2b4d640: b000 0000 | c57b 109c | 24a8 0000 | 00c5 7b10 | 9424 a000 | 0000 c57b | 108c 2498 | 0000 00c5 
  0x00000273f2b4d660: 7b10 8424 | 9000 0000 | c5fb 10bc | 2488 0000 | 00c5 fb10 | b424 8000 | 0000 c5fb | 106c 2478 
  0x00000273f2b4d680: c5fb 1064 | 2470 c5fb | 105c 2468 | c5fb 1054 | 2460 c5fb | 104c 2458 | c5fb 1044 | 2450 4c8b 
  0x00000273f2b4d6a0: 5c24 404c | 8b54 2438 | 4c8b 4c24 | 304c 8b44 | 2428 488b | 7c24 2048 | 8b74 2418 | 488b 5424 
  0x00000273f2b4d6c0: 1048 8b4c | 2408 488b | 0424 4881 | c450 0100 | 00c5 f877 | 4889 4510 | 4883 ec10 | 4889 0424 
  0x00000273f2b4d6e0: 48c7 4424 | 0800 0000 | 0041 83bf | c804 0000 | 020f 85bf | 0000 0048 | 81ec 8000 | 0000 4889 
  0x00000273f2b4d700: 4424 7848 | 894c 2470 | 4889 5424 | 6848 895c | 2460 4889 | 6c24 5048 | 8974 2448 | 4889 7c24 
  0x00000273f2b4d720: 404c 8944 | 2438 4c89 | 4c24 304c | 8954 2428 | 4c89 5c24 | 204c 8964 | 2418 4c89 | 6c24 104c 
  0x00000273f2b4d740: 8974 2408 | 4c89 3c24 | 4c8b e448 | 83ec 2048 | 83e4 f048 | b8c0 22d1 | d7fb 7f00 | 00ff d049 
  0x00000273f2b4d760: 8be4 4c8b | 3c24 4c8b | 7424 084c | 8b6c 2410 | 4c8b 6424 | 184c 8b5c | 2420 4c8b | 5424 284c 
  0x00000273f2b4d780: 8b4c 2430 | 4c8b 4424 | 3848 8b7c | 2440 488b | 7424 4848 | 8b6c 2450 | 488b 5c24 | 6048 8b54 
  0x00000273f2b4d7a0: 2468 488b | 4c24 7048 | 8b44 2478 | 4881 c480 | 0000 004d | 33e4 488b | 5de8 4c8b | 6b08 4d8d 
  0x00000273f2b4d7c0: 6d38 4983 | 7f08 000f | 84bb 0000 | 00e8 0500 | 0000 e996 | 0000 0048 | 8d44 2408 | 4c89 6dc0 
  0x00000273f2b4d7e0: 498b cfc5 | f877 4989 | afb0 0300 | 0049 8987 | a003 0000 | 4883 ec20 | 40f6 c40f | 0f84 1900 
  0x00000273f2b4d800: 0000 4883 | ec08 48b8 | 006c 99d7 | fb7f 0000 | ffd0 4883 | c408 e90c | 0000 0048 | b800 6c99 
  0x00000273f2b4d820: d7fb 7f00 | 00ff d048 | 83c4 2049 | c787 a003 | 0000 0000 | 0000 49c7 | 87b0 0300 | 0000 0000 
  0x00000273f2b4d840: 0049 c787 | a803 0000 | 0000 0000 | c5f8 7749 | 837f 0800 | 0f84 0500 | 0000 e961 | 36ff ff4c 
  0x00000273f2b4d860: 8b6d c04c | 8b75 c84e | 8d74 f500 | c348 b940 | d5f8 d7fb | 7f00 0048 | 83e4 f048 | b870 4abf 
  0x00000273f2b4d880: d7fb 7f00 | 00ff d0f4 | 448b 5b28 | 41f6 c320 | 0f84 7901 | 0000 488d | 55a8 4c8b | 5a08 4d85 
  0x00000273f2b4d8a0: db0f 85bb | 0000 00e8 | 0500 0000 | e996 0000 | 0048 8d44 | 2408 4c89 | 6dc0 498b | cfc5 f877 
  0x00000273f2b4d8c0: 4989 afb0 | 0300 0049 | 8987 a003 | 0000 4883 | ec20 40f6 | c40f 0f84 | 1900 0000 | 4883 ec08 
  0x00000273f2b4d8e0: 48b8 306b | 99d7 fb7f | 0000 ffd0 | 4883 c408 | e90c 0000 | 0048 b830 | 6b99 d7fb | 7f00 00ff 
  0x00000273f2b4d900: d048 83c4 | 2049 c787 | a003 0000 | 0000 0000 | 49c7 87b0 | 0300 0000 | 0000 0049 | c787 a803 
  0x00000273f2b4d920: 0000 0000 | 0000 c5f8 | 7749 837f | 0800 0f84 | 0500 0000 | e987 35ff | ff4c 8b6d | c04c 8b75 
  0x00000273f2b4d940: c84e 8d74 | f500 c348 | b940 d5f8 | d7fb 7f00 | 0048 83e4 | f048 b870 | 4abf d7fb | 7f00 00ff 
  0x00000273f2b4d960: d0f4 4c89 | 6dc0 4c8b | 4a08 48c7 | 4208 0000 | 0000 458b | 8718 0600 | 004f 3b4c | 07f8 0f85 
  0x00000273f2b4d980: 4900 0000 | 4183 af18 | 0600 0008 | 4f3b 4c07 | f00f 842a | 0000 0049 | 8b01 a802 | 0f85 1200 
  0x00000273f2b4d9a0: 0000 4c8b | c049 83c8 | 01f0 4d0f | b101 0f84 | 0d00 0000 | 4183 8718 | 0600 0008 | e90c 0000 
  0x00000273f2b4d9c0: 0049 ff8f | 5005 0000 | e93e 0000 | 004c 894a | 0848 8bca | 4883 ec20 | 40f6 c40f | 0f84 1900 
  0x00000273f2b4d9e0: 0000 4883 | ec08 48b8 | f03d 99d7 | fb7f 0000 | ffd0 4883 | c408 e90c | 0000 0048 | b8f0 3d99 
  0x00000273f2b4da00: d7fb 7f00 | 00ff d048 | 83c4 204c | 8b6d c049 | ba41 ad20 | d8fb 7f00 | 0041 803a | 000f 843e 
  0x00000273f2b4da20: 0000 0048 | 8b55 e849 | 8bcf 4883 | ec20 40f6 | c40f 0f84 | 1900 0000 | 4883 ec08 | 48b8 10ee 
  0x00000273f2b4da40: d0d7 fb7f | 0000 ffd0 | 4883 c408 | e90c 0000 | 0048 b810 | eed0 d7fb | 7f00 00ff | d048 83c4 
  0x00000273f2b4da60: 2048 8b04 | 2448 83c4 | 10c5 fb10 | 0424 4883 | c410 4c8b | 5d18 41ff | d34c 8b5d | f8c9 5f49 
  0x00000273f2b4da80: 8be3 ffe7 | ba00 0000 | 00e8 0500 | 0000 e996 | 0000 0048 | 8d44 2408 | 4c89 6dc0 | 498b cfc5 
  0x00000273f2b4daa0: f877 4989 | afb0 0300 | 0049 8987 | a003 0000 | 4883 ec20 | 40f6 c40f | 0f84 1900 | 0000 4883 
  0x00000273f2b4dac0: ec08 48b8 | a031 99d7 | fb7f 0000 | ffd0 4883 | c408 e90c | 0000 0048 | b8a0 3199 | d7fb 7f00 
  0x00000273f2b4dae0: 00ff d048 | 83c4 2049 | c787 a003 | 0000 0000 | 0000 49c7 | 87b0 0300 | 0000 0000 | 0049 c787 
  0x00000273f2b4db00: a803 0000 | 0000 0000 | c5f8 7749 | 837f 0800 | 0f84 0500 | 0000 e9a5 | 33ff ff4c | 8b6d c04c 
  0x00000273f2b4db20: 8b75 c84e | 8d74 f500 | c348 8b5d | e8e9 26f5 | ffff 660f | 1f44 0000 
[/MachCode]

Compiled method (c1) 266976 1730   !   3       java.awt.event.InvocationEvent::dispatch (69 bytes)
 total in heap  [0x00000273eb82ee88,0x00000273eb82f668] = 2016
 relocation     [0x00000273eb82ef60,0x00000273eb82eff0] = 144
 main code      [0x00000273eb82f000,0x00000273eb82f5f8] = 1528
 stub code      [0x00000273eb82f5f8,0x00000273eb82f660] = 104
 metadata       [0x00000273eb82f660,0x00000273eb82f668] = 8
 immutable data [0x00000273c692a890,0x00000273c692aa38] = 424
 dependencies   [0x00000273c692a890,0x00000273c692a898] = 8
 nul chk table  [0x00000273c692a898,0x00000273c692a8b0] = 24
 handler table  [0x00000273c692a8b0,0x00000273c692a940] = 144
 scopes pcs     [0x00000273c692a940,0x00000273c692a9e0] = 160
 scopes data    [0x00000273c692a9e0,0x00000273c692aa38] = 88

[Constant Pool (empty)]

[MachCode]
[Instructions begin]
  0x00000273eb82f000: 6666 660f | 1f84 0000 | 0000 0066 | 6666 9066 | 6690 448b | 5208 443b 

  0x00000273eb82f018: ;   {runtime_call ic_miss_stub}
  0x00000273eb82f018: 5008 0f85 | c0f6 3507 
[Verified Entry Point]
  0x00000273eb82f020: 8984 2400 | 80ff ff55 | 4883 ec30 | 4181 7f20 | 0100 0000 

  0x00000273eb82f034: ;   {runtime_call StubRoutines (final stubs)}
  0x00000273eb82f034: 7405 e825 | b334 0748 | 8954 2418 

  0x00000273eb82f040: ;   {metadata(method data for {method} {0x00000273c16b0a30} 'dispatch' '()V' in 'java/awt/event/InvocationEvent')}
  0x00000273eb82f040: 48be 3870 | a8c1 7302 | 0000 8bbe | cc00 0000 | 83c7 0289 | becc 0000 | 0081 e7fe | 0700 0085 
  0x00000273eb82f060: ff0f 84b7 | 0400 000f | be72 2985 

  0x00000273eb82f06c: ;   {metadata(method data for {method} {0x00000273c16b0a30} 'dispatch' '()V' in 'java/awt/event/InvocationEvent')}
  0x00000273eb82f06c: f648 be38 | 70a8 c173 | 0200 00bf | 1801 0000 | 7405 bf28 | 0100 0048 | 8b1c 3e48 | 8d5b 0148 
  0x00000273eb82f08c: 891c 3e0f | 84d1 0000 | 008b 722c 

  0x00000273eb82f098: ; implicit exception: dispatches to 0x00000273eb82f53f
  0x00000273eb82f098: 483b 0648 

  0x00000273eb82f09c: ;   {metadata(method data for {method} {0x00000273c16b0a30} 'dispatch' '()V' in 'java/awt/event/InvocationEvent')}
  0x00000273eb82f09c: 8bfe 48bb | 3870 a8c1 | 7302 0000 | 8b7f 0849 | ba00 0000 | 8073 0200 | 0049 03fa | 483b bb40 
  0x00000273eb82f0bc: 0100 0075 | 0d48 8383 | 4801 0000 | 01e9 6000 | 0000 483b | bb50 0100 | 0075 0d48 | 8383 5801 
  0x00000273eb82f0dc: 0000 01e9 | 4a00 0000 | 4883 bb40 | 0100 0000 | 7517 4889 | bb40 0100 | 0048 c783 | 4801 0000 
  0x00000273eb82f0fc: 0100 0000 | e929 0000 | 0048 83bb | 5001 0000 | 0075 1748 | 89bb 5001 | 0000 48c7 | 8358 0100 
  0x00000273eb82f11c: 0001 0000 | 00e9 0800 | 0000 4883 | 8338 0100 | 0001 488b | d60f 1f40 | 0048 b820 | 98c8 c673 
  0x00000273eb82f13c: ;   {virtual_call}
  0x00000273eb82f13c: 0200 00e8 

  0x00000273eb82f140: ; ImmutableOopMap {[24]=Oop }
                      ;*invokeinterface run {reexecute=0 rethrow=0 return_oop=0}
                      ; - java.awt.event.InvocationEvent::dispatch@11 (line 308)
  0x00000273eb82f140: 9cff 3507 

  0x00000273eb82f144: ;   {other}
  0x00000273eb82f144: 0f1f 8400 | bc02 0000 

  0x00000273eb82f14c: ;   {metadata(method data for {method} {0x00000273c16b0a30} 'dispatch' '()V' in 'java/awt/event/InvocationEvent')}
  0x00000273eb82f14c: 48ba 3870 | a8c1 7302 | 0000 ff82 | 6801 0000 | 488b 5424 | 18e9 0f03 | 0000 8b72 | 2c48 3b06 
  0x00000273eb82f16c: ;   {metadata(method data for {method} {0x00000273c16b0a30} 'dispatch' '()V' in 'java/awt/event/InvocationEvent')}
  0x00000273eb82f16c: 488b fe48 | bb38 70a8 | c173 0200 | 008b 7f08 | 49ba 0000 | 0080 7302 | 0000 4903 | fa48 3bbb 
  0x00000273eb82f18c: 2002 0000 | 750d 4883 | 8328 0200 | 0001 e960 | 0000 0048 | 3bbb 3002 | 0000 750d | 4883 8338 
  0x00000273eb82f1ac: 0200 0001 | e94a 0000 | 0048 83bb | 2002 0000 | 0075 1748 | 89bb 2002 | 0000 48c7 | 8328 0200 
  0x00000273eb82f1cc: 0001 0000 | 00e9 2900 | 0000 4883 | bb30 0200 | 0000 7517 | 4889 bb30 | 0200 0048 | c783 3802 
  0x00000273eb82f1ec: 0000 0100 | 0000 e908 | 0000 0048 | 8383 1802 | 0000 0148 | 8bd6 6666 | 9048 b848 | 98c8 c673 
  0x00000273eb82f20c: ;   {virtual_call}
  0x00000273eb82f20c: 0200 00e8 

  0x00000273eb82f210: ; ImmutableOopMap {[24]=Oop }
                      ;*invokeinterface run {reexecute=0 rethrow=0 return_oop=0}
                      ; - java.awt.event.InvocationEvent::dispatch@47 (line 318)
  0x00000273eb82f210: 6cd9 4507 

  0x00000273eb82f214: ;   {other}
  0x00000273eb82f214: 0f1f 8400 | 8c03 0001 | 488b 5424 | 18e9 4f02 | 0000 498b | 8700 0500 | 004d 33d2 | 4d89 9700 
  0x00000273eb82f234: 0500 004d | 33d2 4d89 | 9708 0500 | 0048 85c0 

  0x00000273eb82f244: ;   {metadata(method data for {method} {0x00000273c16b0a30} 'dispatch' '()V' in 'java/awt/event/InvocationEvent')}
  0x00000273eb82f244: 48be 3870 | a8c1 7302 | 0000 750c | 808e 7901 | 0000 01e9 | af00 0000 | 8b78 0849 | ba00 0000 
  0x00000273eb82f264: 8073 0200 | 0049 03fa | 483b be88 | 0100 0075 | 0d48 8386 | 9001 0000 | 01e9 6000 | 0000 483b 
  0x00000273eb82f284: be98 0100 | 0075 0d48 | 8386 a001 | 0000 01e9 | 4a00 0000 | 4883 be88 | 0100 0000 | 7517 4889 
  0x00000273eb82f2a4: be88 0100 | 0048 c786 | 9001 0000 | 0100 0000 | e929 0000 | 0048 83be | 9801 0000 | 0075 1748 
  0x00000273eb82f2c4: 89be 9801 | 0000 48c7 | 86a0 0100 | 0001 0000 | 00e9 0800 | 0000 4883 | 8680 0100 

  0x00000273eb82f2e0: ;   {metadata('java/lang/Exception')}
  0x00000273eb82f2e0: 0001 48bf | c0e5 1680 | 7302 0000 | 8b70 0849 | ba00 0000 | 8073 0200 | 0049 03f2 | 483b 7e40 
  0x00000273eb82f300: 0f85 0500 | 0000 e905 | 0000 004d | 33c0 eb06 | 41b8 0100 | 0000 4585 

  0x00000273eb82f318: ;   {metadata(method data for {method} {0x00000273c16b0a30} 'dispatch' '()V' in 'java/awt/event/InvocationEvent')}
  0x00000273eb82f318: c049 b838 | 70a8 c173 | 0200 00ba | b001 0000 | 7405 bac0 | 0100 0049 | 8b34 1048 | 8d76 0149 
  0x00000273eb82f338: 8934 1048 | 8b54 2418 | 0f84 f500 | 0000 4885 

  0x00000273eb82f348: ;   {metadata(method data for {method} {0x00000273c16b0a30} 'dispatch' '()V' in 'java/awt/event/InvocationEvent')}
  0x00000273eb82f348: c048 bf38 | 70a8 c173 | 0200 0075 | 0c80 8fc9 | 0100 0001 | e9af 0000 | 008b 5808 | 49ba 0000 
  0x00000273eb82f368: 0080 7302 | 0000 4903 | da48 3b9f | d801 0000 | 750d 4883 | 87e0 0100 | 0001 e960 | 0000 0048 
  0x00000273eb82f388: 3b9f e801 | 0000 750d | 4883 87f0 | 0100 0001 | e94a 0000 | 0048 83bf | d801 0000 | 0075 1748 
  0x00000273eb82f3a8: 899f d801 | 0000 48c7 | 87e0 0100 | 0001 0000 | 00e9 2900 | 0000 4883 | bfe8 0100 | 0000 7517 
  0x00000273eb82f3c8: 4889 9fe8 | 0100 0048 | c787 f001 | 0000 0100 | 0000 e908 | 0000 0048 | 8387 d001 

  0x00000273eb82f3e4: ;   {metadata('java/lang/Exception')}
  0x00000273eb82f3e4: 0000 0148 | bbc0 e516 | 8073 0200 | 008b 7808 | 49ba 0000 | 0080 7302 | 0000 4903 | fa48 3b5f 
  0x00000273eb82f404: 400f 853e | 0100 00e9 | 0000 0000 | 4c8b c041 | 0fbe 7738 | 85f6 0f85 | 3201 0000 | 4d8b d044 
  0x00000273eb82f424: 8952 3848 | 8bf2 4933 | f048 c1ee | 1448 83fe | 000f 8532 | 0100 0045 | 0fbe 4738 | 4585 c00f 
  0x00000273eb82f444: 853c 0100 | 004c 8bd0 | 4489 523c | 4c8b c24c | 33c0 49c1 | e814 4983 | f800 0f85 | 3d01 0000 
  0x00000273eb82f464: ;   {metadata(method data for {method} {0x00000273c16b0a30} 'dispatch' '()V' in 'java/awt/event/InvocationEvent')}
  0x00000273eb82f464: 49b8 3870 | a8c1 7302 | 0000 41ff | 8000 0200 | 004c 8bc2 

  0x00000273eb82f478: ;   {metadata(method data for {method} {0x00000273c16b0a30} 'dispatch' '()V' in 'java/awt/event/InvocationEvent')}
  0x00000273eb82f478: 48be 3870 | a8c1 7302 | 0000 4883 | 8648 0200 | 0001 41b8 | 0100 0000 | 0f1f 8000 

  0x00000273eb82f494: ;   {optimized virtual_call}
  0x00000273eb82f494: 0000 00e8 

  0x00000273eb82f498: ; ImmutableOopMap {}
                      ;*invokevirtual finishedDispatching {reexecute=0 rethrow=0 return_oop=0}
                      ; - java.awt.event.InvocationEvent::dispatch@54 (line 321)
  0x00000273eb82f498: 44c9 0100 

  0x00000273eb82f49c: ;   {other}
  0x00000273eb82f49c: 0f1f 8400 | 1406 0002 

  0x00000273eb82f4a4: ;   {metadata(method data for {method} {0x00000273c16b0a30} 'dispatch' '()V' in 'java/awt/event/InvocationEvent')}
  0x00000273eb82f4a4: 48b8 3870 | a8c1 7302 | 0000 ff80 | 7802 0000 | 4883 c430 

  0x00000273eb82f4b8: ;   {poll_return}
  0x00000273eb82f4b8: 5d49 3ba7 | 4804 0000 | 0f87 f300 | 0000 c348 | 8b54 2418 | 498b 8700 | 0500 004d | 33d2 4d89 
  0x00000273eb82f4d8: 9700 0500 | 004d 33d2 | 4d89 9708 | 0500 004c 

  0x00000273eb82f4e8: ;   {metadata(method data for {method} {0x00000273c16b0a30} 'dispatch' '()V' in 'java/awt/event/InvocationEvent')}
  0x00000273eb82f4e8: 8bc2 48be | 3870 a8c1 | 7302 0000 | 4883 8690 | 0200 0001 | 41b8 0100 | 0000 4889 

  0x00000273eb82f504: ;   {optimized virtual_call}
  0x00000273eb82f504: 4424 20e8 

  0x00000273eb82f508: ; ImmutableOopMap {[32]=Oop }
                      ;*invokevirtual finishedDispatching {reexecute=0 rethrow=0 return_oop=0}
                      ; - java.awt.event.InvocationEvent::dispatch@63 (line 321)
  0x00000273eb82f508: d4f6 3507 

  0x00000273eb82f50c: ;   {other}
  0x00000273eb82f50c: 0f1f 8400 | 8406 0003 | 488b 4424 | 20e9 ce00 

  0x00000273eb82f51c: ;   {metadata({method} {0x00000273c16b0a30} 'dispatch' '()V' in 'java/awt/event/InvocationEvent')}
  0x00000273eb82f51c: 0000 49ba | 280a 6bc1 | 7302 0000 | 4c89 5424 | 0848 c704 | 24ff ffff 

  0x00000273eb82f534: ;   {runtime_call counter_overflow Runtime1 stub}
  0x00000273eb82f534: ffe8 a6c1 

  0x00000273eb82f538: ; ImmutableOopMap {rdx=Oop [24]=Oop }
                      ;*synchronization entry
                      ; - java.awt.event.InvocationEvent::dispatch@-1 (line 306)
  0x00000273eb82f538: 4507 e928 

  0x00000273eb82f53c: ;   {runtime_call throw_null_pointer_exception Runtime1 stub}
  0x00000273eb82f53c: fbff ffe8 

  0x00000273eb82f540: ; ImmutableOopMap {rdx=Oop rsi=Oop [24]=Oop }
                      ;*invokeinterface run {reexecute=0 rethrow=0 return_oop=0}
                      ; - java.awt.event.InvocationEvent::dispatch@11 (line 308)
  0x00000273eb82f540: 1c63 4507 

  0x00000273eb82f544: ;   {runtime_call throw_null_pointer_exception Runtime1 stub}
  0x00000273eb82f544: e817 6345 

  0x00000273eb82f548: ; ImmutableOopMap {rdx=Oop rsi=Oop [24]=Oop }
                      ;*invokeinterface run {reexecute=0 rethrow=0 return_oop=0}
                      ; - java.awt.event.InvocationEvent::dispatch@47 (line 318)
  0x00000273eb82f548: 0748 8904 

  0x00000273eb82f54c: ;   {runtime_call throw_class_cast_exception Runtime1 stub}
  0x00000273eb82f54c: 24e8 0e8b 

  0x00000273eb82f550: ; ImmutableOopMap {rax=Oop rdx=Oop [24]=Oop }
                      ;*checkcast {reexecute=0 rethrow=0 return_oop=0}
                      ; - java.awt.event.InvocationEvent::dispatch@29 (line 312)
  0x00000273eb82f550: 4507 8b72 | 3848 83fe | 000f 84c1 | feff ff48 

  0x00000273eb82f560: ;   {runtime_call g1_pre_barrier_slow}
  0x00000273eb82f560: 8934 24e8 | 78c8 4507 | e9b3 feff | ff49 83f8 | 000f 84c4 | feff ff48 

  0x00000273eb82f578: ;   {runtime_call g1_post_barrier_slow}
  0x00000273eb82f578: 8914 24e8 | e0cb 4507 | e9b6 feff | ff44 8b42 | 3c49 83f8 | 000f 84b6 | feff ff4c 

  0x00000273eb82f594: ;   {runtime_call g1_pre_barrier_slow}
  0x00000273eb82f594: 8904 24e8 | 44c8 4507 | e9a8 feff | ff48 83f8 | 000f 84b9 | feff ff48 

  0x00000273eb82f5ac: ;   {runtime_call g1_post_barrier_slow}
  0x00000273eb82f5ac: 8914 24e8 | accb 4507 | e9ab feff 

  0x00000273eb82f5b8: ;   {internal_word}
  0x00000273eb82f5b8: ff49 bab9 | f482 eb73 | 0200 004d | 8997 6004 

  0x00000273eb82f5c8: ;   {runtime_call SafepointBlob}
  0x00000273eb82f5c8: 0000 e911 | 7236 0749 | 8b87 0005 | 0000 49c7 | 8700 0500 | 0000 0000 | 0049 c787 | 0805 0000 
  0x00000273eb82f5e8: 0000 0000 | 4883 c430 

  0x00000273eb82f5f0: ;   {runtime_call unwind_exception Runtime1 stub}
  0x00000273eb82f5f0: 5de9 6a53 | 4507 f4f4 
[Stub Code]
  0x00000273eb82f5f8: ;   {no_reloc}
  0x00000273eb82f5f8: 0f1f 4400 

  0x00000273eb82f5fc: ;   {static_stub}
  0x00000273eb82f5fc: 0048 bb00 | 0000 0000 

  0x00000273eb82f604: ;   {runtime_call nmethod}
  0x00000273eb82f604: 0000 00e9 | fbff ffff 

  0x00000273eb82f60c: ;   {static_stub}
  0x00000273eb82f60c: 9048 bb00 | 0000 0000 

  0x00000273eb82f614: ;   {runtime_call nmethod}
  0x00000273eb82f614: 0000 00e9 | fbff ffff 

  0x00000273eb82f61c: ;   {static_stub}
  0x00000273eb82f61c: 48bb 280e | 6bc1 7302 

  0x00000273eb82f624: ;   {runtime_call I2C/C2I adapters}
  0x00000273eb82f624: 0000 e98b 

  0x00000273eb82f628: ;   {runtime_call handle_exception_from_callee Runtime1 stub}
  0x00000273eb82f628: 5036 07e8 | 3084 4507 

  0x00000273eb82f630: ;   {external_word}
  0x00000273eb82f630: 48b9 40d5 | f8d7 fb7f | 0000 4883 

  0x00000273eb82f63c: ;   {runtime_call}
  0x00000273eb82f63c: e4f0 48b8 | 704a bfd7 | fb7f 0000 

  0x00000273eb82f648: ;   {section_word}
  0x00000273eb82f648: ffd0 f449 | ba4b f682 | eb73 0200 

  0x00000273eb82f654: ;   {runtime_call DeoptimizationBlob}
  0x00000273eb82f654: 0041 52e9 | a485 3607 | f4f4 f4f4 
[/MachCode]


Compiled method (c1) 267194 1629       3       java.awt.EventQueue::dispatchEventImpl (139 bytes)
 total in heap  [0x00000273eb7e7088,0x00000273eb7e9458] = 9168
 relocation     [0x00000273eb7e7160,0x00000273eb7e7408] = 680
 main code      [0x00000273eb7e7420,0x00000273eb7e9268] = 7752
 stub code      [0x00000273eb7e9268,0x00000273eb7e9378] = 272
 oops           [0x00000273eb7e9378,0x00000273eb7e9388] = 16
 metadata       [0x00000273eb7e9388,0x00000273eb7e9458] = 208
 immutable data [0x00000273c5193940,0x00000273c51940b0] = 1904
 dependencies   [0x00000273c5193940,0x00000273c5193980] = 64
 nul chk table  [0x00000273c5193980,0x00000273c5193a00] = 128
 handler table  [0x00000273c5193a00,0x00000273c5193ac0] = 192
 scopes pcs     [0x00000273c5193ac0,0x00000273c5193e90] = 976
 scopes data    [0x00000273c5193e90,0x00000273c51940b0] = 544

[Constant Pool (empty)]

[MachCode]
[Instructions begin]
  0x00000273eb7e7420: 6666 660f | 1f84 0000 | 0000 0066 | 6666 9066 | 6690 448b | 5208 443b 

  0x00000273eb7e7438: ;   {runtime_call ic_miss_stub}
  0x00000273eb7e7438: 5008 0f85 | a072 3a07 
[Verified Entry Point]
  0x00000273eb7e7440: 8984 2400 | 80ff ff55 | 4881 ecd0 | 0000 0090 | 4181 7f20 | 0100 0000 

  0x00000273eb7e7458: ;   {runtime_call StubRoutines (final stubs)}
  0x00000273eb7e7458: 7405 e801 | 2f39 074c | 8984 24a8 

  0x00000273eb7e7464: ;   {metadata(method data for {method} {0x00000273c1172658} 'dispatchEventImpl' '(Ljava/awt/AWTEvent;Ljava/lang/Object;)V' in 'java/awt/EventQueue')}
  0x00000273eb7e7464: 0000 0048 | be58 caa5 | c173 0200 | 008b becc | 0000 0083 | c702 89be | cc00 0000 | 81e7 fe07 
  0x00000273eb7e7484: 0000 85ff | 0f84 dc19 | 0000 41c6 | 4016 014d 

  0x00000273eb7e7494: ;   {metadata(method data for {method} {0x00000273c1172658} 'dispatchEventImpl' '(Ljava/awt/AWTEvent;Ljava/lang/Object;)V' in 'java/awt/EventQueue')}
  0x00000273eb7e7494: 85c0 48bb | 58ca a5c1 | 7302 0000 | 750c 808b | 1101 0000 | 01e9 cb00 | 0000 418b | 4008 49ba 
  0x00000273eb7e74b4: 0000 0080 | 7302 0000 | 4903 c248 | 3b83 2001 | 0000 750d | 4883 8328 | 0100 0001 | e960 0000 
  0x00000273eb7e74d4: 0048 3b83 | 3001 0000 | 750d 4883 | 8338 0100 | 0001 e94a | 0000 0048 | 83bb 2001 | 0000 0075 
  0x00000273eb7e74f4: 1748 8983 | 2001 0000 | 48c7 8328 | 0100 0001 | 0000 00e9 | 2900 0000 | 4883 bb30 | 0100 0000 
  0x00000273eb7e7514: 7517 4889 | 8330 0100 | 0048 c783 | 3801 0000 | 0100 0000 | e908 0000 | 0048 8383 | 1801 0000 
  0x00000273eb7e7534: ;   {metadata('java/awt/ActiveEvent')}
  0x00000273eb7e7534: 0148 b8c8 | 1e09 8173 | 0200 0041 | 8b58 0849 | ba00 0000 | 8073 0200 | 0049 03da | 483b 4320 
  0x00000273eb7e7554: 0f84 2400 | 0000 483b | d80f 841b | 0000 0053 

  0x00000273eb7e7564: ;   {runtime_call slow_subtype_check Runtime1 stub}
  0x00000273eb7e7564: 50e8 d610 | 4a07 5b5b | 85db 0f84 | 0500 0000 | e905 0000 | 0048 33f6 | eb05 be01 | 0000 0085 
  0x00000273eb7e7584: ;   {metadata(method data for {method} {0x00000273c1172658} 'dispatchEventImpl' '(Ljava/awt/AWTEvent;Ljava/lang/Object;)V' in 'java/awt/EventQueue')}
  0x00000273eb7e7584: f648 be58 | caa5 c173 | 0200 00bf | 5801 0000 | 7505 bf48 | 0100 0048 | 8b1c 3e48 | 8d5b 0148 
  0x00000273eb7e75a4: 891c 3e0f | 85b6 1400 | 004d 85c9 

  0x00000273eb7e75b0: ;   {metadata(method data for {method} {0x00000273c1172658} 'dispatchEventImpl' '(Ljava/awt/AWTEvent;Ljava/lang/Object;)V' in 'java/awt/EventQueue')}
  0x00000273eb7e75b0: 48bb 58ca | a5c1 7302 | 0000 750c | 808b 0902 | 0000 01e9 | b100 0000 | 418b 4108 | 49ba 0000 
  0x00000273eb7e75d0: 0080 7302 | 0000 4903 | c248 3b83 | 1802 0000 | 750d 4883 | 8320 0200 | 0001 e960 | 0000 0048 
  0x00000273eb7e75f0: 3b83 2802 | 0000 750d | 4883 8330 | 0200 0001 | e94a 0000 | 0048 83bb | 1802 0000 | 0075 1748 
  0x00000273eb7e7610: 8983 1802 | 0000 48c7 | 8320 0200 | 0001 0000 | 00e9 2900 | 0000 4883 | bb28 0200 | 0000 7517 
  0x00000273eb7e7630: 4889 8328 | 0200 0048 | c783 3002 | 0000 0100 | 0000 e908 | 0000 0048 | 8383 1002 

  0x00000273eb7e764c: ;   {metadata('java/awt/Component')}
  0x00000273eb7e764c: 0000 0148 | b858 1904 | 8173 0200 | 0041 8b59 | 0849 ba00 | 0000 8073 | 0200 0049 | 03da 483b 
  0x00000273eb7e766c: 4338 0f85 | 0500 0000 | e905 0000 | 0048 33f6 | eb05 be01 | 0000 0085 

  0x00000273eb7e7684: ;   {metadata(method data for {method} {0x00000273c1172658} 'dispatchEventImpl' '(Ljava/awt/AWTEvent;Ljava/lang/Object;)V' in 'java/awt/EventQueue')}
  0x00000273eb7e7684: f648 be58 | caa5 c173 | 0200 00bf | 4002 0000 | 7405 bf50 | 0200 0048 | 8b1c 3e48 | 8d5b 0148 
  0x00000273eb7e76a4: 891c 3e0f | 84dc 0500 | 004d 85c9 

  0x00000273eb7e76b0: ;   {metadata(method data for {method} {0x00000273c1172658} 'dispatchEventImpl' '(Ljava/awt/AWTEvent;Ljava/lang/Object;)V' in 'java/awt/EventQueue')}
  0x00000273eb7e76b0: 48bf 58ca | a5c1 7302 | 0000 750c | 808f 5902 | 0000 01e9 | b100 0000 | 418b 5908 | 49ba 0000 
  0x00000273eb7e76d0: 0080 7302 | 0000 4903 | da48 3b9f | 6802 0000 | 750d 4883 | 8770 0200 | 0001 e960 | 0000 0048 
  0x00000273eb7e76f0: 3b9f 7802 | 0000 750d | 4883 8780 | 0200 0001 | e94a 0000 | 0048 83bf | 6802 0000 | 0075 1748 
  0x00000273eb7e7710: 899f 6802 | 0000 48c7 | 8770 0200 | 0001 0000 | 00e9 2900 | 0000 4883 | bf78 0200 | 0000 7517 
  0x00000273eb7e7730: 4889 9f78 | 0200 0048 | c787 8002 | 0000 0100 | 0000 e908 | 0000 0048 | 8387 6002 

  0x00000273eb7e774c: ;   {metadata('java/awt/Component')}
  0x00000273eb7e774c: 0000 0148 | bb58 1904 | 8173 0200 | 0041 8b79 | 0849 ba00 | 0000 8073 | 0200 0049 | 03fa 483b 
  0x00000273eb7e776c: 5f38 0f85 | 1c17 0000 | e900 0000 | 0049 8bd1 

  0x00000273eb7e777c: ; implicit exception: dispatches to 0x00000273eb7e8e99
  0x00000273eb7e777c: 483b 0248 

  0x00000273eb7e7780: ;   {metadata(method data for {method} {0x00000273c1172658} 'dispatchEventImpl' '(Ljava/awt/AWTEvent;Ljava/lang/Object;)V' in 'java/awt/EventQueue')}
  0x00000273eb7e7780: 8bf2 48bf | 58ca a5c1 | 7302 0000 | 4883 8790 | 0200 0001 

  0x00000273eb7e7794: ;   {metadata(method data for {method} {0x00000273c10519b0} 'dispatchEvent' '(Ljava/awt/AWTEvent;)V' in 'java/awt/Component')}
  0x00000273eb7e7794: 48be c011 | a5c1 7302 | 0000 8bbe | cc00 0000 | 83c7 0289 | becc 0000 | 0081 e7fe | ff1f 0085 
  0x00000273eb7e77b4: ff0f 84e3 | 1600 0048 

  0x00000273eb7e77bc: ;   {metadata(method data for {method} {0x00000273c10519b0} 'dispatchEvent' '(Ljava/awt/AWTEvent;)V' in 'java/awt/Component')}
  0x00000273eb7e77bc: 8bf2 48bf | c011 a5c1 | 7302 0000 | 8b76 0849 | ba00 0000 | 8073 0200 | 0049 03f2 | 483b b720 
  0x00000273eb7e77dc: 0100 0075 | 0d48 8387 | 2801 0000 | 01e9 6000 | 0000 483b | b730 0100 | 0075 0d48 | 8387 3801 
  0x00000273eb7e77fc: 0000 01e9 | 4a00 0000 | 4883 bf20 | 0100 0000 | 7517 4889 | b720 0100 | 0048 c787 | 2801 0000 
  0x00000273eb7e781c: 0100 0000 | e929 0000 | 0048 83bf | 3001 0000 | 0075 1748 | 89b7 3001 | 0000 48c7 | 8738 0100 
  0x00000273eb7e783c: 0001 0000 | 00e9 0800 | 0000 4883 | 8718 0100 | 0001 498b | f04c 8bc6 | 9048 b8a0 | a0c4 c673 
  0x00000273eb7e785c: ;   {virtual_call}
  0x00000273eb7e785c: 0200 00e8 

  0x00000273eb7e7860: ; ImmutableOopMap {[168]=Oop }
                      ;*invokevirtual dispatchEventImpl {reexecute=0 rethrow=0 return_oop=0}
                      ; - java.awt.Component::dispatchEvent@2 (line 4828)
                      ; - java.awt.EventQueue::dispatchEventImpl@41 (line 775)
  0x00000273eb7e7860: ec23 5207 

  0x00000273eb7e7864: ;   {other}
  0x00000273eb7e7864: 0f1f 8400 | dc07 0000 | 4c8b 8424 | a800 0000 

  0x00000273eb7e7874: ;   {metadata(method data for {method} {0x00000273c1172658} 'dispatchEventImpl' '(Ljava/awt/AWTEvent;Ljava/lang/Object;)V' in 'java/awt/EventQueue')}
  0x00000273eb7e7874: 48be 58ca | a5c1 7302 | 0000 458b | 4008 49ba | 0000 0080 | 7302 0000 | 4d03 c24c | 3b86 c802 
  0x00000273eb7e7894: 0000 750d | 4883 86d0 | 0200 0001 | e960 0000 | 004c 3b86 | d802 0000 | 750d 4883 | 86e0 0200 
  0x00000273eb7e78b4: 0001 e94a | 0000 0048 | 83be c802 | 0000 0075 | 174c 8986 | c802 0000 | 48c7 86d0 | 0200 0001 
  0x00000273eb7e78d4: 0000 00e9 | 2900 0000 | 4883 bed8 | 0200 0000 | 7517 4c89 | 86d8 0200 | 0048 c786 | e002 0000 
  0x00000273eb7e78f4: 0100 0000 | e908 0000 | 0048 8386 | c002 0000 

  0x00000273eb7e7904: ;   {metadata(method data for {method} {0x00000273c1100018} 'dispatched' '()V' in 'java/awt/AWTEvent')}
  0x00000273eb7e7904: 0148 be08 | d1a5 c173 | 0200 008b | becc 0000 | 0083 c702 | 89be cc00 | 0000 81e7 | feff 1f00 
  0x00000273eb7e7924: 85ff 0f84 | 9315 0000 | 4c8b 8424 | a800 0000 

  0x00000273eb7e7934: ;   {metadata(method data for {method} {0x00000273c1100018} 'dispatched' '()V' in 'java/awt/AWTEvent')}
  0x00000273eb7e7934: 4d85 c048 | bb08 d1a5 | c173 0200 | 0075 0c80 | 8b11 0100 | 0001 e9b1 | 0000 0041 | 8b40 0849 
  0x00000273eb7e7954: ba00 0000 | 8073 0200 | 0049 03c2 | 483b 8320 | 0100 0075 | 0d48 8383 | 2801 0000 | 01e9 6000 
  0x00000273eb7e7974: 0000 483b | 8330 0100 | 0075 0d48 | 8383 3801 | 0000 01e9 | 4a00 0000 | 4883 bb20 | 0100 0000 
  0x00000273eb7e7994: 7517 4889 | 8320 0100 | 0048 c783 | 2801 0000 | 0100 0000 | e929 0000 | 0048 83bb | 3001 0000 
  0x00000273eb7e79b4: 0075 1748 | 8983 3001 | 0000 48c7 | 8338 0100 | 0001 0000 | 00e9 0800 | 0000 4883 | 8318 0100 
  0x00000273eb7e79d4: ;   {metadata('java/awt/event/InputEvent')}
  0x00000273eb7e79d4: 0001 48b8 | 2865 0581 | 7302 0000 | 418b 5808 | 49ba 0000 | 0080 7302 | 0000 4903 | da48 3b43 
  0x00000273eb7e79f4: 500f 8505 | 0000 00e9 | 0500 0000 | 4833 f6eb | 05be 0100 | 0000 85f6 

  0x00000273eb7e7a0c: ;   {metadata(method data for {method} {0x00000273c1100018} 'dispatched' '()V' in 'java/awt/AWTEvent')}
  0x00000273eb7e7a0c: 48be 08d1 | a5c1 7302 | 0000 bf48 | 0100 0074 | 05bf 5801 | 0000 488b | 1c3e 488d | 5b01 4889 
  0x00000273eb7e7a2c: 1c3e 0f84 | 1014 0000 

  0x00000273eb7e7a34: ;   {metadata(method data for {method} {0x00000273c1100018} 'dispatched' '()V' in 'java/awt/AWTEvent')}
  0x00000273eb7e7a34: 48be 08d1 | a5c1 7302 | 0000 4883 | 8668 0100 

  0x00000273eb7e7a44: ;   {metadata(method data for {method} {0x00000273c10c0db8} 'getInputEventAccessor' '()Lsun/awt/AWTAccessor$InputEventAccessor;' in 'sun/awt/AWTAccessor')}
  0x00000273eb7e7a44: 0001 48be | 20d3 a5c1 | 7302 0000 | 8bbe cc00 | 0000 83c7 | 0289 becc | 0000 0081 | e7fe ff1f 
  0x00000273eb7e7a64: 0085 ff0f | 8473 1400 

  0x00000273eb7e7a6c: ;   {oop(a 'java/lang/Class'{0x000000008ba3b250} = 'sun/awt/AWTAccessor')}
  0x00000273eb7e7a6c: 0048 be50 | b2a3 8b00 | 0000 008b | b684 0000 | 0048 85f6 

  0x00000273eb7e7a80: ;   {metadata(method data for {method} {0x00000273c10c0db8} 'getInputEventAccessor' '()Lsun/awt/AWTAccessor$InputEventAccessor;' in 'sun/awt/AWTAccessor')}
  0x00000273eb7e7a80: 48bf 20d3 | a5c1 7302 | 0000 bb18 | 0100 0075 | 05bb 2801 | 0000 488b | 041f 488d | 4001 4889 
  0x00000273eb7e7aa0: 041f 0f85 | 3f12 0000 

  0x00000273eb7e7aa8: ;   {metadata(method data for {method} {0x00000273c10c0db8} 'getInputEventAccessor' '()Lsun/awt/AWTAccessor$InputEventAccessor;' in 'sun/awt/AWTAccessor')}
  0x00000273eb7e7aa8: 48be 20d3 | a5c1 7302 | 0000 4883 | 8638 0100 

  0x00000273eb7e7ab8: ;   {metadata(method data for {method} {0x00000273c10c3578} 'ensureClassInitialized' '(Ljava/lang/Class;)V' in 'sun/awt/AWTAccessor')}
  0x00000273eb7e7ab8: 0001 48be | 1833 66c1 | 7302 0000 | 8bbe cc00 | 0000 83c7 | 0289 becc | 0000 0081 | e7fe ff1f 
  0x00000273eb7e7ad8: 0085 ff0f | 8420 1400 

  0x00000273eb7e7ae0: ;   {metadata(method data for {method} {0x00000273c10c3578} 'ensureClassInitialized' '(Ljava/lang/Class;)V' in 'sun/awt/AWTAccessor')}
  0x00000273eb7e7ae0: 0048 be18 | 3366 c173 | 0200 0048 | 8386 1801 

  0x00000273eb7e7af0: ;   {metadata(method data for {method} {0x0000027380455438} 'lookup' '()Ljava/lang/invoke/MethodHandles$Lookup;' in 'java/lang/invoke/MethodHandles')}
  0x00000273eb7e7af0: 0000 0148 | bed0 3466 | c173 0200 | 008b becc | 0000 0083 | c702 89be | cc00 0000 | 81e7 feff 
  0x00000273eb7e7b10: 1f00 85ff | 0f84 0814 

  0x00000273eb7e7b18: ;   {metadata(method data for {method} {0x0000027380455438} 'lookup' '()Ljava/lang/invoke/MethodHandles$Lookup;' in 'java/lang/invoke/MethodHandles')}
  0x00000273eb7e7b18: 0000 48be | d034 66c1 | 7302 0000 | 4883 8618 | 0100 0001 

  0x00000273eb7e7b2c: ;   {static_call}
  0x00000273eb7e7b2c: 6666 90e8 

  0x00000273eb7e7b30: ; ImmutableOopMap {[168]=Oop }
                      ;*invokestatic getCallerClass {reexecute=0 rethrow=0 return_oop=0}
                      ; - java.lang.invoke.MethodHandles::lookup@0 (line 127)
                      ; - sun.awt.AWTAccessor::ensureClassInitialized@0 (line 1489)
                      ; - sun.awt.AWTAccessor::getInputEventAccessor@10 (line 988)
                      ; - java.awt.AWTEvent::dispatched@7 (line 596)
                      ; - java.awt.EventQueue::dispatchEventImpl@45 (line 776)
  0x00000273eb7e7b30: ac7a 3a07 

  0x00000273eb7e7b34: ;   {other}
  0x00000273eb7e7b34: 0f1f 8400 | ac0a 0001 | 4c8b c04d 

  0x00000273eb7e7b40: ;   {metadata(method data for {method} {0x0000027380455438} 'lookup' '()Ljava/lang/invoke/MethodHandles$Lookup;' in 'java/lang/invoke/MethodHandles')}
  0x00000273eb7e7b40: 85c0 48ba | d034 66c1 | 7302 0000 | be38 0100 | 0074 05be | 2801 0000 | 488b 3c32 | 488d 7f01 
  0x00000273eb7e7b60: 4889 3c32 | 0f84 e810 

  0x00000273eb7e7b68: ;   {metadata('java/lang/invoke/MethodHandles$Lookup')}
  0x00000273eb7e7b68: 0000 48ba | 28fb 1c80 | 7302 0000 | 498b 87b8 | 0100 0048 | 8d78 2049 | 3bbf c801 | 0000 0f87 
  0x00000273eb7e7b88: b713 0000 | 4989 bfb8 | 0100 0048 | c700 0100 | 0000 488b | ca49 ba00 | 0000 8073 | 0200 0049 
  0x00000273eb7e7ba8: 2bca 8948 | 0848 33c9 | 8948 0c48 | 33c9 4889 | 4810 4889 | 4818 4c8b 

  0x00000273eb7e7bc0: ;   {metadata(method data for {method} {0x0000027380455438} 'lookup' '()Ljava/lang/invoke/MethodHandles$Lookup;' in 'java/lang/invoke/MethodHandles')}
  0x00000273eb7e7bc0: c848 bfd0 | 3466 c173 | 0200 0048 | 8387 5801 

  0x00000273eb7e7bd0: ;   {metadata(method data for {method} {0x000002738044cf28} '<init>' '(Ljava/lang/Class;)V' in 'java/lang/invoke/MethodHandles$Lookup')}
  0x00000273eb7e7bd0: 0000 0149 | b970 3666 | c173 0200 | 0041 8bb9 | cc00 0000 | 83c7 0241 | 89b9 cc00 | 0000 81e7 
  0x00000273eb7e7bf0: feff 1f00 | 85ff 0f84 | 5413 0000 

  0x00000273eb7e7bfc: ;   {metadata(method data for {method} {0x000002738044cf28} '<init>' '(Ljava/lang/Class;)V' in 'java/lang/invoke/MethodHandles$Lookup')}
  0x00000273eb7e7bfc: 4c8b c848 | bf70 3666 | c173 0200 | 0048 8387 | 1801 0000 

  0x00000273eb7e7c10: ;   {oop(nullptr)}
  0x00000273eb7e7c10: 0149 b900 | 0000 0000 | 0000 00bf | 5f00 0000 | 488b d048 | 8984 24b0 | 0000 000f 

  0x00000273eb7e7c2c: ;   {optimized virtual_call}
  0x00000273eb7e7c2c: 1f40 00e8 

  0x00000273eb7e7c30: ; ImmutableOopMap {[168]=Oop [176]=Oop }
                      ;*invokespecial <init> {reexecute=0 rethrow=0 return_oop=0}
                      ; - java.lang.invoke.MethodHandles$Lookup::<init>@5 (line 1625)
                      ; - java.lang.invoke.MethodHandles::lookup@23 (line 131)
                      ; - sun.awt.AWTAccessor::ensureClassInitialized@0 (line 1489)
                      ; - sun.awt.AWTAccessor::getInputEventAccessor@10 (line 988)
                      ; - java.awt.AWTEvent::dispatched@7 (line 596)
                      ; - java.awt.EventQueue::dispatchEventImpl@45 (line 776)
  0x00000273eb7e7c30: ac6f 3a07 

  0x00000273eb7e7c34: ;   {other}
  0x00000273eb7e7c34: 0f1f 8400 | ac0b 0002 | 488b 8424 | b000 0000 

  0x00000273eb7e7c44: ;   {metadata(method data for {method} {0x00000273c10c3578} 'ensureClassInitialized' '(Ljava/lang/Class;)V' in 'sun/awt/AWTAccessor')}
  0x00000273eb7e7c44: 4c8b c048 | ba18 3366 | c173 0200 | 0048 8382 | 2801 0000 

  0x00000273eb7e7c58: ;   {oop(a 'java/lang/Class'{0x000000008b956900} = 'java/awt/event/InputEvent')}
  0x00000273eb7e7c58: 0149 b800 | 6995 8b00 | 0000 0048 

  0x00000273eb7e7c64: ;   {optimized virtual_call}
  0x00000273eb7e7c64: 8bd0 90e8 

  0x00000273eb7e7c68: ; ImmutableOopMap {[168]=Oop }
                      ;*invokevirtual ensureInitialized {reexecute=0 rethrow=0 return_oop=0}
                      ; - sun.awt.AWTAccessor::ensureClassInitialized@4 (line 1489)
                      ; - sun.awt.AWTAccessor::getInputEventAccessor@10 (line 988)
                      ; - java.awt.AWTEvent::dispatched@7 (line 596)
                      ; - java.awt.EventQueue::dispatchEventImpl@45 (line 776)
  0x00000273eb7e7c68: 746f 3a07 

  0x00000273eb7e7c6c: ;   {other}
  0x00000273eb7e7c6c: 0f1f 8400 | e40b 0003 

  0x00000273eb7e7c74: ;   {metadata(method data for {method} {0x00000273c10c3578} 'ensureClassInitialized' '(Ljava/lang/Class;)V' in 'sun/awt/AWTAccessor')}
  0x00000273eb7e7c74: 48ba 1833 | 66c1 7302 | 0000 ff82 | 5801 0000 | e94e 1000 | 004d 85c9 

  0x00000273eb7e7c8c: ;   {metadata(method data for {method} {0x00000273c1172658} 'dispatchEventImpl' '(Ljava/awt/AWTEvent;Ljava/lang/Object;)V' in 'java/awt/EventQueue')}
  0x00000273eb7e7c8c: 48bb 58ca | a5c1 7302 | 0000 750c | 808b 0103 | 0000 01e9 | b000 0000 | 418b 4108 | 49ba 0000 
  0x00000273eb7e7cac: 0080 7302 | 0000 4903 | c248 3b83 | 1003 0000 | 750d 4883 | 8318 0300 | 0001 e960 | 0000 0048 
  0x00000273eb7e7ccc: 3b83 2003 | 0000 750d | 4883 8328 | 0300 0001 | e94a 0000 | 0048 83bb | 1003 0000 | 0075 1748 
  0x00000273eb7e7cec: 8983 1003 | 0000 48c7 | 8318 0300 | 0001 0000 | 00e9 2900 | 0000 4883 | bb20 0300 | 0000 7517 
  0x00000273eb7e7d0c: 4889 8320 | 0300 0048 | c783 2803 | 0000 0100 | 0000 e908 | 0000 0048 | 8383 0803 

  0x00000273eb7e7d28: ;   {metadata('java/awt/MenuComponent')}
  0x00000273eb7e7d28: 0000 0148 | b8c0 f617 | 8173 0200 | 0041 8b79 | 0849 ba00 | 0000 8073 | 0200 0049 | 03fa 483b 
  0x00000273eb7e7d48: c70f 8505 | 0000 00e9 | 0500 0000 | 4833 f6eb | 05be 0100 | 0000 85f6 

  0x00000273eb7e7d60: ;   {metadata(method data for {method} {0x00000273c1172658} 'dispatchEventImpl' '(Ljava/awt/AWTEvent;Ljava/lang/Object;)V' in 'java/awt/EventQueue')}
  0x00000273eb7e7d60: 48be 58ca | a5c1 7302 | 0000 bf48 | 0300 0075 | 05bf 3803 | 0000 488b | 1c3e 488d | 5b01 4889 
  0x00000273eb7e7d80: 1c3e 0f85 | 3b0b 0000 

  0x00000273eb7e7d88: ;   {metadata(method data for {method} {0x00000273c1172658} 'dispatchEventImpl' '(Ljava/awt/AWTEvent;Ljava/lang/Object;)V' in 'java/awt/EventQueue')}
  0x00000273eb7e7d88: 4d85 c948 | bb58 caa5 | c173 0200 | 0075 0c80 | 8bc9 0300 | 0001 e9b0 | 0000 0041 | 8b41 0849 
  0x00000273eb7e7da8: ba00 0000 | 8073 0200 | 0049 03c2 | 483b 83d8 | 0300 0075 | 0d48 8383 | e003 0000 | 01e9 6000 
  0x00000273eb7e7dc8: 0000 483b | 83e8 0300 | 0075 0d48 | 8383 f003 | 0000 01e9 | 4a00 0000 | 4883 bbd8 | 0300 0000 
  0x00000273eb7e7de8: 7517 4889 | 83d8 0300 | 0048 c783 | e003 0000 | 0100 0000 | e929 0000 | 0048 83bb | e803 0000 
  0x00000273eb7e7e08: 0075 1748 | 8983 e803 | 0000 48c7 | 83f0 0300 | 0001 0000 | 00e9 0800 | 0000 4883 | 83d0 0300 
  0x00000273eb7e7e28: ;   {metadata('java/awt/TrayIcon')}
  0x00000273eb7e7e28: 0001 48b8 | 50f9 1781 | 7302 0000 | 418b 7908 | 49ba 0000 | 0080 7302 | 0000 4903 | fa48 3bc7 
  0x00000273eb7e7e48: 0f85 0500 | 0000 e905 | 0000 0048 | 33f6 eb05 | be01 0000 

  0x00000273eb7e7e5c: ;   {metadata(method data for {method} {0x00000273c1172658} 'dispatchEventImpl' '(Ljava/awt/AWTEvent;Ljava/lang/Object;)V' in 'java/awt/EventQueue')}
  0x00000273eb7e7e5c: 0085 f648 | be58 caa5 | c173 0200 | 00bf 1004 | 0000 7505 | bf00 0400 | 0048 8b1c | 3e48 8d5b 
  0x00000273eb7e7e7c: 0148 891c | 3e0f 858d | 0800 004d 

  0x00000273eb7e7e88: ;   {metadata(method data for {method} {0x00000273c1172658} 'dispatchEventImpl' '(Ljava/awt/AWTEvent;Ljava/lang/Object;)V' in 'java/awt/EventQueue')}
  0x00000273eb7e7e88: 85c9 48bb | 58ca a5c1 | 7302 0000 | 750c 808b | 9104 0000 | 01e9 b000 | 0000 418b | 4108 49ba 
  0x00000273eb7e7ea8: 0000 0080 | 7302 0000 | 4903 c248 | 3b83 a004 | 0000 750d | 4883 83a8 | 0400 0001 | e960 0000 
  0x00000273eb7e7ec8: 0048 3b83 | b004 0000 | 750d 4883 | 83b8 0400 | 0001 e94a | 0000 0048 | 83bb a004 | 0000 0075 
  0x00000273eb7e7ee8: 1748 8983 | a004 0000 | 48c7 83a8 | 0400 0001 | 0000 00e9 | 2900 0000 | 4883 bbb0 | 0400 0000 
  0x00000273eb7e7f08: 7517 4889 | 83b0 0400 | 0048 c783 | b804 0000 | 0100 0000 | e908 0000 | 0048 8383 | 9804 0000 
  0x00000273eb7e7f28: ;   {metadata('sun/awt/AWTAutoShutdown')}
  0x00000273eb7e7f28: 0148 b858 | a807 8173 | 0200 0041 | 8b79 0849 | ba00 0000 | 8073 0200 | 0049 03fa | 483b c70f 
  0x00000273eb7e7f48: 8505 0000 | 00e9 0500 | 0000 4833 | f6eb 05be | 0100 0000 

  0x00000273eb7e7f5c: ;   {metadata(method data for {method} {0x00000273c1172658} 'dispatchEventImpl' '(Ljava/awt/AWTEvent;Ljava/lang/Object;)V' in 'java/awt/EventQueue')}
  0x00000273eb7e7f5c: 85f6 48be | 58ca a5c1 | 7302 0000 | bfc8 0400 | 0074 05bf | d804 0000 | 488b 1c3e | 488d 5b01 
  0x00000273eb7e7f7c: 4889 1c3e | 0f84 3c01 | 0000 488b 

  0x00000273eb7e7f88: ;   {metadata(method data for {method} {0x00000273c1172658} 'dispatchEventImpl' '(Ljava/awt/AWTEvent;Ljava/lang/Object;)V' in 'java/awt/EventQueue')}
  0x00000273eb7e7f88: f248 bf58 | caa5 c173 | 0200 0048 | 8387 e804 

  0x00000273eb7e7f98: ;   {metadata(method data for {method} {0x00000273c1171b38} 'noEvents' '()Z' in 'java/awt/EventQueue')}
  0x00000273eb7e7f98: 0000 0148 | bea0 7ca5 | c173 0200 | 008b becc | 0000 0083 | c702 89be | cc00 0000 | 81e7 feff 
  0x00000273eb7e7fb8: 1f00 85ff | 0f84 af0f | 0000 be00 | 0000 00e9 | 8800 0000 | 0f1f 4000 | 8b7a 203b | 770c 0f83 
  0x00000273eb7e7fd8: c00f 0000 | 4863 de8b | 7c9f 108b | 7f0c 4885 

  0x00000273eb7e7fe8: ;   {metadata(method data for {method} {0x00000273c1171b38} 'noEvents' '()Z' in 'java/awt/EventQueue')}
  0x00000273eb7e7fe8: ff48 bfa0 | 7ca5 c173 | 0200 00bb | 4801 0000 | 7505 bb38 | 0100 0048 | 8b04 1f48 | 8d40 0148 
  0x00000273eb7e8008: 8904 1f0f | 8573 0000 

  0x00000273eb7e8010: ;   {metadata(method data for {method} {0x00000273c1171b38} 'noEvents' '()Z' in 'java/awt/EventQueue')}
  0x00000273eb7e8010: 00ff c648 | bfa0 7ca5 | c173 0200 | 008b 9fd0 | 0000 0083 | c302 899f | d000 0000 | 81e3 fe3f 
  0x00000273eb7e8030: 0000 85db | 0f84 750f | 0000 4d8b | 9750 0400 

  0x00000273eb7e8040: ; ImmutableOopMap {rdx=Oop }
                      ;*goto {reexecute=1 rethrow=0 return_oop=0}
                      ; - (reexecute) java.awt.EventQueue::noEvents@24 (line 533)
                      ; - java.awt.EventQueue::dispatchEventImpl@95 (line 782)
                      ;   {poll}
  0x00000273eb7e8040: 0041 8502 

  0x00000273eb7e8044: ;   {metadata(method data for {method} {0x00000273c1171b38} 'noEvents' '()Z' in 'java/awt/EventQueue')}
  0x00000273eb7e8044: 48bf a07c | a5c1 7302 | 0000 ff87 | 5801 0000 

  0x00000273eb7e8054: ;   {metadata(method data for {method} {0x00000273c1171b38} 'noEvents' '()Z' in 'java/awt/EventQueue')}
  0x00000273eb7e8054: 83fe 0448 | bfa0 7ca5 | c173 0200 | 00bb 1801 | 0000 7d05 | bb28 0100 | 0048 8b04 | 1f48 8d40 
  0x00000273eb7e8074: 0148 8904 | 1f0f 8d0f | 0000 00e9 | 4cff ffff | be00 0000 | 00e9 0500 | 0000 be01 | 0000 0085 
  0x00000273eb7e8094: ;   {metadata(method data for {method} {0x00000273c1172658} 'dispatchEventImpl' '(Ljava/awt/AWTEvent;Ljava/lang/Object;)V' in 'java/awt/EventQueue')}
  0x00000273eb7e8094: f648 be58 | caa5 c173 | 0200 00bf | 1805 0000 | 7405 bf28 | 0500 0048 | 8b1c 3e48 | 8d5b 0148 
  0x00000273eb7e80b4: 891c 3e0f | 8497 0d00 | 00e9 c805 

  0x00000273eb7e80c0: ;   {metadata(method data for {method} {0x00000273c1172658} 'dispatchEventImpl' '(Ljava/awt/AWTEvent;Ljava/lang/Object;)V' in 'java/awt/EventQueue')}
  0x00000273eb7e80c0: 0000 48ba | 58ca a5c1 | 7302 0000 | 4883 8280 | 0500 0001 

  0x00000273eb7e80d4: ;   {metadata(method data for {method} {0x00000273c1170a50} 'getEventLog' '()Lsun/util/logging/PlatformLogger;' in 'java/awt/EventQueue')}
  0x00000273eb7e80d4: 48ba 28d7 | a5c1 7302 | 0000 8bb2 | cc00 0000 | 83c6 0289 | b2cc 0000 | 0081 e6fe | ff1f 0085 
  0x00000273eb7e80f4: f60f 84d5 

  0x00000273eb7e80f8: ;   {oop(a 'java/lang/Class'{0x000000008b969698} = 'java/awt/EventQueue')}
  0x00000273eb7e80f8: 0e00 0048 | ba98 9696 | 8b00 0000 | 008b 5278 

  0x00000273eb7e8108: ;   {metadata(method data for {method} {0x00000273c1170a50} 'getEventLog' '()Lsun/util/logging/PlatformLogger;' in 'java/awt/EventQueue')}
  0x00000273eb7e8108: 4885 d248 | ba28 d7a5 | c173 0200 | 00be 1801 | 0000 7505 | be28 0100 | 0048 8b3c | 3248 8d7f 
  0x00000273eb7e8128: 0148 893c | 320f 8561 

  0x00000273eb7e8130: ;   {metadata(method data for {method} {0x00000273c1170a50} 'getEventLog' '()Lsun/util/logging/PlatformLogger;' in 'java/awt/EventQueue')}
  0x00000273eb7e8130: 0000 0048 | ba28 d7a5 | c173 0200 | 0048 8382 | 3801 0000 

  0x00000273eb7e8144: ;   {oop("java.awt.event.EventQueue"{0x000000008ba7c8a0})}
  0x00000273eb7e8144: 0148 baa0 | c8a7 8b00 

  0x00000273eb7e814c: ;   {static_call}
  0x00000273eb7e814c: 0000 00e8 

  0x00000273eb7e8150: ; ImmutableOopMap {[168]=Oop }
                      ;*invokestatic getLogger {reexecute=0 rethrow=0 return_oop=0}
                      ; - java.awt.EventQueue::getEventLog@8 (line 189)
                      ; - java.awt.EventQueue::dispatchEventImpl@111 (line 786)
  0x00000273eb7e8150: 8c74 3a07 

  0x00000273eb7e8154: ;   {other}
  0x00000273eb7e8154: 0f1f 8400 | cc10 0005 

  0x00000273eb7e815c: ;   {oop(a 'java/lang/Class'{0x000000008b969698} = 'java/awt/EventQueue')}
  0x00000273eb7e815c: 49b8 9896 | 968b 0000 | 0000 410f | be57 3885 | d20f 857e | 0e00 004c | 8bd0 4589 | 5078 f083 
  0x00000273eb7e817c: 4424 c000 | 498b d048 | 33d0 48c1 | ea14 4883 | fa00 0f85 | 790e 0000 

  0x00000273eb7e8194: ;   {oop(a 'java/lang/Class'{0x000000008b969698} = 'java/awt/EventQueue')}
  0x00000273eb7e8194: 49b8 9896 | 968b 0000 | 0000 458b | 4078 493b | 0049 8bd0 

  0x00000273eb7e81a8: ;   {metadata(method data for {method} {0x00000273c1172658} 'dispatchEventImpl' '(Ljava/awt/AWTEvent;Ljava/lang/Object;)V' in 'java/awt/EventQueue')}
  0x00000273eb7e81a8: 48be 58ca | a5c1 7302 

  0x00000273eb7e81b0: ;   {metadata('sun/util/logging/PlatformLogger')}
  0x00000273eb7e81b0: 0000 49ba | 50e7 0481 | 7302 0000 | 4c89 9698 | 0500 0048 | 8386 a005 

  0x00000273eb7e81c8: ;   {metadata(method data for {method} {0x00000273c109d058} 'isLoggable' '(Lsun/util/logging/PlatformLogger$Level;)Z' in 'sun/util/logging/PlatformLogger')}
  0x00000273eb7e81c8: 0000 0148 | ba88 eb37 | c173 0200 | 008b b2cc | 0000 0083 | c602 89b2 | cc00 0000 | 81e6 feff 
  0x00000273eb7e81e8: 1f00 85f6 | 0f84 380e 

  0x00000273eb7e81f0: ;   {metadata(method data for {method} {0x00000273c109d058} 'isLoggable' '(Lsun/util/logging/PlatformLogger$Level;)Z' in 'sun/util/logging/PlatformLogger')}
  0x00000273eb7e81f0: 0000 48ba | 88eb 37c1 | 7302 0000 | ff82 1801 | 0000 418b | 500c 483b | 024c 8bc2 

  0x00000273eb7e820c: ;   {metadata(method data for {method} {0x00000273c109d058} 'isLoggable' '(Lsun/util/logging/PlatformLogger$Level;)Z' in 'sun/util/logging/PlatformLogger')}
  0x00000273eb7e820c: 48be 88eb | 37c1 7302 | 0000 458b | 4008 49ba | 0000 0080 | 7302 0000 | 4d03 c24c | 3b86 5001 
  0x00000273eb7e822c: 0000 750d | 4883 8658 | 0100 0001 | e960 0000 | 004c 3b86 | 6001 0000 | 750d 4883 | 8668 0100 
  0x00000273eb7e824c: 0001 e94a | 0000 0048 | 83be 5001 | 0000 0075 | 174c 8986 | 5001 0000 | 48c7 8658 | 0100 0001 
  0x00000273eb7e826c: 0000 00e9 | 2900 0000 | 4883 be60 | 0100 0000 | 7517 4c89 | 8660 0100 | 0048 c786 | 6801 0000 
  0x00000273eb7e828c: 0100 0000 | e908 0000 | 0048 8386 | 4801 0000 

  0x00000273eb7e829c: ;   {oop(a 'sun/util/logging/PlatformLogger$Level'{0x000000008ba14b68})}
  0x00000273eb7e829c: 0149 b868 | 4ba1 8b00 | 0000 0066 | 0f1f 4400 | 0048 b8c8 | a0c4 c673 

  0x00000273eb7e82b4: ;   {virtual_call}
  0x00000273eb7e82b4: 0200 00e8 

  0x00000273eb7e82b8: ; ImmutableOopMap {[168]=Oop }
                      ;*invokeinterface isLoggable {reexecute=0 rethrow=0 return_oop=0}
                      ; - sun.util.logging.PlatformLogger::isLoggable@17 (line 340)
                      ; - java.awt.EventQueue::dispatchEventImpl@117 (line 786)
  0x00000273eb7e82b8: 246e 3a07 

  0x00000273eb7e82bc: ;   {other}
  0x00000273eb7e82bc: 0f1f 8400 | 3412 0006 | 83e0 0185 

  0x00000273eb7e82c8: ;   {metadata(method data for {method} {0x00000273c1172658} 'dispatchEventImpl' '(Ljava/awt/AWTEvent;Ljava/lang/Object;)V' in 'java/awt/EventQueue')}
  0x00000273eb7e82c8: c048 ba58 | caa5 c173 | 0200 00be | c005 0000 | 7405 bed0 | 0500 0048 | 8b3c 3248 | 8d7f 0148 
  0x00000273eb7e82e8: 893c 320f | 8463 0b00 

  0x00000273eb7e82f0: ;   {metadata(method data for {method} {0x00000273c1172658} 'dispatchEventImpl' '(Ljava/awt/AWTEvent;Ljava/lang/Object;)V' in 'java/awt/EventQueue')}
  0x00000273eb7e82f0: 0048 ba58 | caa5 c173 | 0200 0048 | 8382 e005 

  0x00000273eb7e8300: ;   {metadata(method data for {method} {0x00000273c1170a50} 'getEventLog' '()Lsun/util/logging/PlatformLogger;' in 'java/awt/EventQueue')}
  0x00000273eb7e8300: 0000 0148 | ba28 d7a5 | c173 0200 | 008b b2cc | 0000 0083 | c602 89b2 | cc00 0000 | 81e6 feff 
  0x00000273eb7e8320: 1f00 85f6 | 0f84 260d 

  0x00000273eb7e8328: ;   {oop(a 'java/lang/Class'{0x000000008b969698} = 'java/awt/EventQueue')}
  0x00000273eb7e8328: 0000 48ba | 9896 968b | 0000 0000 | 8b52 7848 

  0x00000273eb7e8338: ;   {metadata(method data for {method} {0x00000273c1170a50} 'getEventLog' '()Lsun/util/logging/PlatformLogger;' in 'java/awt/EventQueue')}
  0x00000273eb7e8338: 85d2 48ba | 28d7 a5c1 | 7302 0000 | be18 0100 | 0075 05be | 2801 0000 | 488b 3c32 | 488d 7f01 
  0x00000273eb7e8358: 4889 3c32 | 0f85 6200 

  0x00000273eb7e8360: ;   {metadata(method data for {method} {0x00000273c1170a50} 'getEventLog' '()Lsun/util/logging/PlatformLogger;' in 'java/awt/EventQueue')}
  0x00000273eb7e8360: 0000 48ba | 28d7 a5c1 | 7302 0000 | 4883 8238 | 0100 0001 

  0x00000273eb7e8374: ;   {oop("java.awt.event.EventQueue"{0x000000008ba7c8a0})}
  0x00000273eb7e8374: 48ba a0c8 | a78b 0000 

  0x00000273eb7e837c: ;   {static_call}
  0x00000273eb7e837c: 0000 90e8 

  0x00000273eb7e8380: ; ImmutableOopMap {[168]=Oop }
                      ;*invokestatic getLogger {reexecute=0 rethrow=0 return_oop=0}
                      ; - java.awt.EventQueue::getEventLog@8 (line 189)
                      ; - java.awt.EventQueue::dispatchEventImpl@123 (line 787)
  0x00000273eb7e8380: 5c72 3a07 

  0x00000273eb7e8384: ;   {other}
  0x00000273eb7e8384: 0f1f 8400 | fc12 0007 

  0x00000273eb7e838c: ;   {oop(a 'java/lang/Class'{0x000000008b969698} = 'java/awt/EventQueue')}
  0x00000273eb7e838c: 48ba 9896 | 968b 0000 | 0000 410f | be77 3885 | f60f 85ce | 0c00 004c | 8bd0 4489 | 5278 f083 
  0x00000273eb7e83ac: 4424 c000 | 488b f248 | 33f0 48c1 | ee14 4883 | fe00 0f85 | c80c 0000 

  0x00000273eb7e83c4: ;   {oop(a 'java/lang/Class'{0x000000008b969698} = 'java/awt/EventQueue')}
  0x00000273eb7e83c4: 48ba 9896 | 968b 0000 | 0000 8b72 | 7848 89b4 | 24b8 0000 | 004c 8b84 | 24a8 0000 

  0x00000273eb7e83e0: ;   {metadata(method data for {method} {0x00000273c1172658} 'dispatchEventImpl' '(Ljava/awt/AWTEvent;Ljava/lang/Object;)V' in 'java/awt/EventQueue')}
  0x00000273eb7e83e0: 0048 ba58 | caa5 c173 | 0200 0048 | 8382 f005 

  0x00000273eb7e83f0: ;   {metadata(method data for {method} {0x000002738048d428} 'valueOf' '(Ljava/lang/Object;)Ljava/lang/String;' in 'java/lang/String')}
  0x00000273eb7e83f0: 0000 0148 | bae0 a20f | c173 0200 | 008b bacc | 0000 0083 | c702 89ba | cc00 0000 | 81e7 feff 
  0x00000273eb7e8410: 1f00 85ff | 0f84 8a0c | 0000 4d85 

  0x00000273eb7e841c: ;   {metadata(method data for {method} {0x000002738048d428} 'valueOf' '(Ljava/lang/Object;)Ljava/lang/String;' in 'java/lang/String')}
  0x00000273eb7e841c: c048 bae0 | a20f c173 | 0200 00bf | 1801 0000 | 7505 bf28 | 0100 0048 | 8b1c 3a48 | 8d5b 0148 
  0x00000273eb7e843c: 891c 3a0f | 851f 0000 

  0x00000273eb7e8444: ;   {metadata(method data for {method} {0x000002738048d428} 'valueOf' '(Ljava/lang/Object;)Ljava/lang/String;' in 'java/lang/String')}
  0x00000273eb7e8444: 0048 bae0 | a20f c173 | 0200 00ff | 8238 0100 

  0x00000273eb7e8454: ;   {oop("null"{0x000000008bb08900})}
  0x00000273eb7e8454: 0048 bf00 | 89b0 8b00 | 0000 00e9 | ab00 0000 

  0x00000273eb7e8464: ;   {metadata(method data for {method} {0x000002738048d428} 'valueOf' '(Ljava/lang/Object;)Ljava/lang/String;' in 'java/lang/String')}
  0x00000273eb7e8464: 498b d048 | bfe0 a20f | c173 0200 | 008b 5208 | 49ba 0000 | 0080 7302 | 0000 4903 | d248 3b97 
  0x00000273eb7e8484: 5801 0000 | 750d 4883 | 8760 0100 | 0001 e960 | 0000 0048 | 3b97 6801 | 0000 750d | 4883 8770 
  0x00000273eb7e84a4: 0100 0001 | e94a 0000 | 0048 83bf | 5801 0000 | 0075 1748 | 8997 5801 | 0000 48c7 | 8760 0100 
  0x00000273eb7e84c4: 0001 0000 | 00e9 2900 | 0000 4883 | bf68 0100 | 0000 7517 | 4889 9768 | 0100 0048 | c787 7001 
  0x00000273eb7e84e4: 0000 0100 | 0000 e908 | 0000 0048 | 8387 5001 | 0000 0149 | 8bd0 0f1f 

  0x00000273eb7e84fc: ;   {optimized virtual_call}
  0x00000273eb7e84fc: 4400 00e8 

  0x00000273eb7e8500: ; ImmutableOopMap {[184]=Oop }
                      ;*invokevirtual toString {reexecute=0 rethrow=0 return_oop=0}
                      ; - java.lang.String::valueOf@11 (line 4556)
                      ; - java.awt.EventQueue::dispatchEventImpl@127 (line 787)
  0x00000273eb7e8500: dc66 3a07 

  0x00000273eb7e8504: ;   {other}
  0x00000273eb7e8504: 0f1f 8400 | 7c14 0008 | 488b f890 

  0x00000273eb7e8510: ;   {no_reloc}
  0x00000273eb7e8510: e9bf 0b00 | 0090 9090 | 9090 488b 

  0x00000273eb7e851c: ;   {static_call}
  0x00000273eb7e851c: d766 90e8 

  0x00000273eb7e8520: ; ImmutableOopMap {[184]=Oop }
                      ;*invokedynamic {reexecute=0 rethrow=0 return_oop=0}
                      ; - java.awt.EventQueue::dispatchEventImpl@130 (line 787)
  0x00000273eb7e8520: bc70 3a07 

  0x00000273eb7e8524: ;   {other}
  0x00000273eb7e8524: 0f1f 8400 | 9c14 0009 

  0x00000273eb7e852c: ;   {metadata(method data for {method} {0x00000273c1172658} 'dispatchEventImpl' '(Ljava/awt/AWTEvent;Ljava/lang/Object;)V' in 'java/awt/EventQueue')}
  0x00000273eb7e852c: 49b8 58ca | a5c1 7302 | 0000 4d8d | 8020 0600 | 0048 85c0 | 750b 41f6 | 0001 7505 | f049 8308 
  0x00000273eb7e854c: 0148 8bb4 | 24b8 0000 | 0048 3b06 

  0x00000273eb7e8558: ;   {metadata(method data for {method} {0x00000273c1172658} 'dispatchEventImpl' '(Ljava/awt/AWTEvent;Ljava/lang/Object;)V' in 'java/awt/EventQueue')}
  0x00000273eb7e8558: 4c8b c649 | b958 caa5 | c173 0200 

  0x00000273eb7e8564: ;   {metadata('sun/util/logging/PlatformLogger')}
  0x00000273eb7e8564: 0049 ba50 | e704 8173 | 0200 004d | 8991 3806 | 0000 4983 | 8140 0600 

  0x00000273eb7e857c: ;   {metadata(method data for {method} {0x00000273c109dcb0} 'fine' '(Ljava/lang/String;)V' in 'sun/util/logging/PlatformLogger')}
  0x00000273eb7e857c: 0001 49b8 | 88df a5c1 | 7302 0000 | 458b 88cc | 0000 0041 | 83c1 0245 | 8988 cc00 | 0000 4181 
  0x00000273eb7e859c: e1fe ff1f | 0045 85c9 | 0f84 390b | 0000 8b56 | 0c48 3b02 

  0x00000273eb7e85b0: ;   {metadata(method data for {method} {0x00000273c109dcb0} 'fine' '(Ljava/lang/String;)V' in 'sun/util/logging/PlatformLogger')}
  0x00000273eb7e85b0: 4c8b c249 | b988 dfa5 | c173 0200 | 0045 8b40 | 0849 ba00 | 0000 8073 | 0200 004d | 03c2 4d3b 
  0x00000273eb7e85d0: 8150 0100 | 0075 0d49 | 8381 5801 | 0000 01e9 | 6000 0000 | 4d3b 8160 | 0100 0075 | 0d49 8381 
  0x00000273eb7e85f0: 6801 0000 | 01e9 4a00 | 0000 4983 | b950 0100 | 0000 7517 | 4d89 8150 | 0100 0049 | c781 5801 
  0x00000273eb7e8610: 0000 0100 | 0000 e929 | 0000 0049 | 83b9 6001 | 0000 0075 | 174d 8981 | 6001 0000 | 49c7 8168 
  0x00000273eb7e8630: 0100 0001 | 0000 00e9 | 0800 0000 | 4983 8148 | 0100 0001 

  0x00000273eb7e8644: ;   {oop(a 'sun/util/logging/PlatformLogger$Level'{0x000000008ba14b68})}
  0x00000273eb7e8644: 49b8 684b | a18b 0000 | 0000 4c8b 

  0x00000273eb7e8650: ;   {oop(nullptr)}
  0x00000273eb7e8650: c848 bf00 | 0000 0000 | 0000 0066 | 9048 b8f0 | a0c4 c673 

  0x00000273eb7e8664: ;   {virtual_call}
  0x00000273eb7e8664: 0200 00e8 

  0x00000273eb7e8668: ; ImmutableOopMap {}
                      ;*invokeinterface log {reexecute=0 rethrow=0 return_oop=0}
                      ; - sun.util.logging.PlatformLogger::fine@12 (line 449)
                      ; - java.awt.EventQueue::dispatchEventImpl@135 (line 787)
  0x00000273eb7e8668: 746a 3a07 

  0x00000273eb7e866c: ;   {other}
  0x00000273eb7e866c: 0f1f 8400 | e415 000a | 4881 c4d0 | 0000 005d 

  0x00000273eb7e867c: ;   {poll_return}
  0x00000273eb7e867c: 493b a748 | 0400 000f | 8780 0a00 | 00c3 448b | 4234 493b | 0049 8bd0 

  0x00000273eb7e8694: ;   {metadata(method data for {method} {0x00000273c1172658} 'dispatchEventImpl' '(Ljava/awt/AWTEvent;Ljava/lang/Object;)V' in 'java/awt/EventQueue')}
  0x00000273eb7e8694: 48be 58ca | a5c1 7302 

  0x00000273eb7e869c: ;   {metadata('java/awt/EventDispatchThread')}
  0x00000273eb7e869c: 0000 49ba | e839 0981 | 7302 0000 | 4c89 9640 | 0500 0048 | 8386 4805 

  0x00000273eb7e86b4: ;   {metadata(method data for {method} {0x00000273c16b6c18} 'stopDispatching' '()V' in 'java/awt/EventDispatchThread')}
  0x00000273eb7e86b4: 0000 0148 | bae8 d5a5 | c173 0200 | 008b b2cc | 0000 0083 | c602 89b2 | cc00 0000 | 81e6 feff 
  0x00000273eb7e86d4: 1f00 85f6 | 0f84 460a | 0000 ba00 | 0000 0041 | 8850 74f0 | 8344 24c0 

  0x00000273eb7e86ec: ;   {metadata(method data for {method} {0x00000273c1172658} 'dispatchEventImpl' '(Ljava/awt/AWTEvent;Ljava/lang/Object;)V' in 'java/awt/EventQueue')}
  0x00000273eb7e86ec: 0049 b858 | caa5 c173 | 0200 0041 | ff80 6805 | 0000 4881 | c4d0 0000 

  0x00000273eb7e8704: ;   {poll_return}
  0x00000273eb7e8704: 005d 493b | a748 0400 | 000f 8732 | 0a00 00c3 | 4c8b 8424 | a800 0000 

  0x00000273eb7e871c: ;   {metadata(method data for {method} {0x00000273c1172658} 'dispatchEventImpl' '(Ljava/awt/AWTEvent;Ljava/lang/Object;)V' in 'java/awt/EventQueue')}
  0x00000273eb7e871c: 4d85 c948 | bf58 caa5 | c173 0200 | 0075 0c80 | 8f19 0400 | 0001 e9b0 | 0000 0041 | 8b59 0849 
  0x00000273eb7e873c: ba00 0000 | 8073 0200 | 0049 03da | 483b 9f28 | 0400 0075 | 0d48 8387 | 3004 0000 | 01e9 6000 
  0x00000273eb7e875c: 0000 483b | 9f38 0400 | 0075 0d48 | 8387 4004 | 0000 01e9 | 4a00 0000 | 4883 bf28 | 0400 0000 
  0x00000273eb7e877c: 7517 4889 | 9f28 0400 | 0048 c787 | 3004 0000 | 0100 0000 | e929 0000 | 0048 83bf | 3804 0000 
  0x00000273eb7e879c: 0075 1748 | 899f 3804 | 0000 48c7 | 8740 0400 | 0001 0000 | 00e9 0800 | 0000 4883 | 8720 0400 
  0x00000273eb7e87bc: ;   {metadata('java/awt/TrayIcon')}
  0x00000273eb7e87bc: 0001 48bb | 50f9 1781 | 7302 0000 | 418b 7108 | 49ba 0000 | 0080 7302 | 0000 4903 | f248 3bde 
  0x00000273eb7e87dc: 0f85 7909 | 0000 e900 | 0000 0049 | 8bd1 483b | 0248 8bf2 

  0x00000273eb7e87f0: ;   {metadata(method data for {method} {0x00000273c1172658} 'dispatchEventImpl' '(Ljava/awt/AWTEvent;Ljava/lang/Object;)V' in 'java/awt/EventQueue')}
  0x00000273eb7e87f0: 48bf 58ca | a5c1 7302 | 0000 8b76 | 0849 ba00 | 0000 8073 | 0200 0049 | 03f2 483b | b758 0400 
  0x00000273eb7e8810: 0075 0d48 | 8387 6004 | 0000 01e9 | 6000 0000 | 483b b768 | 0400 0075 | 0d48 8387 | 7004 0000 
  0x00000273eb7e8830: 01e9 4a00 | 0000 4883 | bf58 0400 | 0000 7517 | 4889 b758 | 0400 0048 | c787 6004 | 0000 0100 
  0x00000273eb7e8850: 0000 e929 | 0000 0048 | 83bf 6804 | 0000 0075 | 1748 89b7 | 6804 0000 | 48c7 8770 | 0400 0001 
  0x00000273eb7e8870: 0000 00e9 | 0800 0000 | 4883 8750 | 0400 0001 | 0f1f 4400 | 0048 b818 | a1c4 c673 

  0x00000273eb7e888c: ;   {virtual_call}
  0x00000273eb7e888c: 0200 00e8 

  0x00000273eb7e8890: ; ImmutableOopMap {}
                      ;*invokevirtual dispatchEvent {reexecute=0 rethrow=0 return_oop=0}
                      ; - java.awt.EventQueue::dispatchEventImpl@81 (line 780)
  0x00000273eb7e8890: 4c68 3a07 

  0x00000273eb7e8894: ;   {other}
  0x00000273eb7e8894: 0f1f 8400 | 0c18 000b 

  0x00000273eb7e889c: ;   {metadata(method data for {method} {0x00000273c1172658} 'dispatchEventImpl' '(Ljava/awt/AWTEvent;Ljava/lang/Object;)V' in 'java/awt/EventQueue')}
  0x00000273eb7e889c: 49b8 58ca | a5c1 7302 | 0000 41ff | 8080 0400 | 0048 81c4 | d000 0000 

  0x00000273eb7e88b4: ;   {poll_return}
  0x00000273eb7e88b4: 5d49 3ba7 | 4804 0000 | 0f87 a708 | 0000 c34c | 8b84 24a8 | 0000 004d 

  0x00000273eb7e88cc: ;   {metadata(method data for {method} {0x00000273c1172658} 'dispatchEventImpl' '(Ljava/awt/AWTEvent;Ljava/lang/Object;)V' in 'java/awt/EventQueue')}
  0x00000273eb7e88cc: 85c9 48bf | 58ca a5c1 | 7302 0000 | 750c 808f | 5103 0000 | 01e9 b000 | 0000 418b | 5908 49ba 
  0x00000273eb7e88ec: 0000 0080 | 7302 0000 | 4903 da48 | 3b9f 6003 | 0000 750d | 4883 8768 | 0300 0001 | e960 0000 
  0x00000273eb7e890c: 0048 3b9f | 7003 0000 | 750d 4883 | 8778 0300 | 0001 e94a | 0000 0048 | 83bf 6003 | 0000 0075 
  0x00000273eb7e892c: 1748 899f | 6003 0000 | 48c7 8768 | 0300 0001 | 0000 00e9 | 2900 0000 | 4883 bf70 | 0300 0000 
  0x00000273eb7e894c: 7517 4889 | 9f70 0300 | 0048 c787 | 7803 0000 | 0100 0000 | e908 0000 | 0048 8387 | 5803 0000 
  0x00000273eb7e896c: ;   {metadata('java/awt/MenuComponent')}
  0x00000273eb7e896c: 0148 bbc0 | f617 8173 | 0200 0041 | 8b71 0849 | ba00 0000 | 8073 0200 | 0049 03f2 | 483b de0f 
  0x00000273eb7e898c: 85ee 0700 | 00e9 0000 | 0000 498b | d148 3b02 

  0x00000273eb7e899c: ;   {metadata(method data for {method} {0x00000273c1172658} 'dispatchEventImpl' '(Ljava/awt/AWTEvent;Ljava/lang/Object;)V' in 'java/awt/EventQueue')}
  0x00000273eb7e899c: 488b f248 | bf58 caa5 | c173 0200 | 008b 7608 | 49ba 0000 | 0080 7302 | 0000 4903 | f248 3bb7 
  0x00000273eb7e89bc: 9003 0000 | 750d 4883 | 8798 0300 | 0001 e960 | 0000 0048 | 3bb7 a003 | 0000 750d | 4883 87a8 
  0x00000273eb7e89dc: 0300 0001 | e94a 0000 | 0048 83bf | 9003 0000 | 0075 1748 | 89b7 9003 | 0000 48c7 | 8798 0300 
  0x00000273eb7e89fc: 0001 0000 | 00e9 2900 | 0000 4883 | bfa0 0300 | 0000 7517 | 4889 b7a0 | 0300 0048 | c787 a803 
  0x00000273eb7e8a1c: 0000 0100 | 0000 e908 | 0000 0048 | 8387 8803 

  0x00000273eb7e8a2c: ;   {optimized virtual_call}
  0x00000273eb7e8a2c: 0000 01e8 

  0x00000273eb7e8a30: ; ImmutableOopMap {}
                      ;*invokevirtual dispatchEvent {reexecute=0 rethrow=0 return_oop=0}
                      ; - java.awt.EventQueue::dispatchEventImpl@63 (line 778)
  0x00000273eb7e8a30: ac61 3a07 

  0x00000273eb7e8a34: ;   {other}
  0x00000273eb7e8a34: 0f1f 8400 | ac19 000c 

  0x00000273eb7e8a3c: ;   {metadata(method data for {method} {0x00000273c1172658} 'dispatchEventImpl' '(Ljava/awt/AWTEvent;Ljava/lang/Object;)V' in 'java/awt/EventQueue')}
  0x00000273eb7e8a3c: 49b8 58ca | a5c1 7302 | 0000 41ff | 80b8 0300 | 0048 81c4 | d000 0000 

  0x00000273eb7e8a54: ;   {poll_return}
  0x00000273eb7e8a54: 5d49 3ba7 | 4804 0000 | 0f87 2b07 | 0000 c348 

  0x00000273eb7e8a64: ;   {metadata(method data for {method} {0x00000273c1172658} 'dispatchEventImpl' '(Ljava/awt/AWTEvent;Ljava/lang/Object;)V' in 'java/awt/EventQueue')}
  0x00000273eb7e8a64: 8bf2 48bf | 58ca a5c1 | 7302 0000 | 4883 8768 | 0100 0001 | 498b f04c 

  0x00000273eb7e8a7c: ;   {optimized virtual_call}
  0x00000273eb7e8a7c: 8bc6 90e8 

  0x00000273eb7e8a80: ; ImmutableOopMap {[168]=Oop }
                      ;*invokevirtual setCurrentEventAndMostRecentTimeImpl {reexecute=0 rethrow=0 return_oop=0}
                      ; - java.awt.EventQueue::dispatchEventImpl@14 (line 772)
  0x00000273eb7e8a80: 3c74 feff 

  0x00000273eb7e8a84: ;   {other}
  0x00000273eb7e8a84: 0f1f 8400 | fc19 000d | 4c8b 8424 | a800 0000 

  0x00000273eb7e8a94: ;   {metadata(method data for {method} {0x00000273c1172658} 'dispatchEventImpl' '(Ljava/awt/AWTEvent;Ljava/lang/Object;)V' in 'java/awt/EventQueue')}
  0x00000273eb7e8a94: 4d85 c048 | bf58 caa5 | c173 0200 | 0075 0c80 | 8f91 0100 | 0001 e9cb | 0000 0041 | 8b58 0849 
  0x00000273eb7e8ab4: ba00 0000 | 8073 0200 | 0049 03da | 483b 9fa0 | 0100 0075 | 0d48 8387 | a801 0000 | 01e9 6000 
  0x00000273eb7e8ad4: 0000 483b | 9fb0 0100 | 0075 0d48 | 8387 b801 | 0000 01e9 | 4a00 0000 | 4883 bfa0 | 0100 0000 
  0x00000273eb7e8af4: 7517 4889 | 9fa0 0100 | 0048 c787 | a801 0000 | 0100 0000 | e929 0000 | 0048 83bf | b001 0000 
  0x00000273eb7e8b14: 0075 1748 | 899f b001 | 0000 48c7 | 87b8 0100 | 0001 0000 | 00e9 0800 | 0000 4883 | 8798 0100 
  0x00000273eb7e8b34: ;   {metadata('java/awt/ActiveEvent')}
  0x00000273eb7e8b34: 0001 48bb | c81e 0981 | 7302 0000 | 418b 7808 | 49ba 0000 | 0080 7302 | 0000 4903 | fa48 3b5f 
  0x00000273eb7e8b54: 200f 841f | 0000 0048 | 3bfb 0f84 | 1600 0000 

  0x00000273eb7e8b64: ;   {runtime_call slow_subtype_check Runtime1 stub}
  0x00000273eb7e8b64: 5753 e8d5 | fa49 075f | 5f85 ff0f | 842e 0600 | 00e9 0000 | 0000 498b | d048 3b02 

  0x00000273eb7e8b80: ;   {metadata(method data for {method} {0x00000273c1172658} 'dispatchEventImpl' '(Ljava/awt/AWTEvent;Ljava/lang/Object;)V' in 'java/awt/EventQueue')}
  0x00000273eb7e8b80: 488b f248 | bf58 caa5 | c173 0200 | 008b 7608 | 49ba 0000 | 0080 7302 | 0000 4903 | f248 3bb7 
  0x00000273eb7e8ba0: d001 0000 | 750d 4883 | 87d8 0100 | 0001 e960 | 0000 0048 | 3bb7 e001 | 0000 750d | 4883 87e8 
  0x00000273eb7e8bc0: 0100 0001 | e94a 0000 | 0048 83bf | d001 0000 | 0075 1748 | 89b7 d001 | 0000 48c7 | 87d8 0100 
  0x00000273eb7e8be0: 0001 0000 | 00e9 2900 | 0000 4883 | bfe0 0100 | 0000 7517 | 4889 b7e0 | 0100 0048 | c787 e801 
  0x00000273eb7e8c00: 0000 0100 | 0000 e908 | 0000 0048 | 8387 c801 | 0000 0166 | 9048 b840 | a1c4 c673 

  0x00000273eb7e8c1c: ;   {virtual_call}
  0x00000273eb7e8c1c: 0200 00e8 

  0x00000273eb7e8c20: ; ImmutableOopMap {}
                      ;*invokeinterface dispatch {reexecute=0 rethrow=0 return_oop=0}
                      ; - java.awt.EventQueue::dispatchEventImpl@21 (line 773)
  0x00000273eb7e8c20: 5c3f 4a07 

  0x00000273eb7e8c24: ;   {other}
  0x00000273eb7e8c24: 0f1f 8400 | 9c1b 000e 

  0x00000273eb7e8c2c: ;   {metadata(method data for {method} {0x00000273c1172658} 'dispatchEventImpl' '(Ljava/awt/AWTEvent;Ljava/lang/Object;)V' in 'java/awt/EventQueue')}
  0x00000273eb7e8c2c: 48ba 58ca | a5c1 7302 | 0000 ff82 | f801 0000 | 4881 c4d0 | 0000 005d 

  0x00000273eb7e8c44: ;   {poll_return}
  0x00000273eb7e8c44: 493b a748 | 0400 000f | 8760 0500 | 00c3 660f | 1f44 0000 

  0x00000273eb7e8c58: ;   {no_reloc}
  0x00000273eb7e8c58: e979 0500 | 0000 0000 | 0000 e979 | 0500 0048 

  0x00000273eb7e8c68: ;   {metadata(method data for {method} {0x0000027380455438} 'lookup' '()Ljava/lang/invoke/MethodHandles$Lookup;' in 'java/lang/invoke/MethodHandles')}
  0x00000273eb7e8c68: 8bd0 48be | d034 66c1 | 7302 0000 | 4883 8648 | 0100 0001 

  0x00000273eb7e8c7c: ;   {oop("no caller frame"{0x000000008ba7ba20})}
  0x00000273eb7e8c7c: 49b8 20ba | a78b 0000 | 0000 488b | d048 8984 | 24c0 0000 | 0066 0f1f 

  0x00000273eb7e8c94: ;   {optimized virtual_call}
  0x00000273eb7e8c94: 4400 00e8 

  0x00000273eb7e8c98: ; ImmutableOopMap {[168]=Oop [192]=Oop }
                      ;*invokespecial <init> {reexecute=0 rethrow=0 return_oop=0}
                      ; - java.lang.invoke.MethodHandles::lookup@14 (line 129)
                      ; - sun.awt.AWTAccessor::ensureClassInitialized@0 (line 1489)
                      ; - sun.awt.AWTAccessor::getInputEventAccessor@10 (line 988)
                      ; - java.awt.AWTEvent::dispatched@7 (line 596)
                      ; - java.awt.EventQueue::dispatchEventImpl@45 (line 776)
  0x00000273eb7e8c98: 445f 3a07 

  0x00000273eb7e8c9c: ;   {other}
  0x00000273eb7e8c9c: 0f1f 8400 | 141c 000f | 488b 8424 

  0x00000273eb7e8ca8: ; ImmutableOopMap {rax=Oop [168]=Oop }
                      ;*athrow {reexecute=1 rethrow=0 return_oop=0}
                      ; - (reexecute) java.lang.invoke.MethodHandles::lookup@17 (line 129)
                      ; - sun.awt.AWTAccessor::ensureClassInitialized@0 (line 1489)
                      ; - sun.awt.AWTAccessor::getInputEventAccessor@10 (line 988)
                      ; - java.awt.AWTEvent::dispatched@7 (line 596)
                      ; - java.awt.EventQueue::dispatchEventImpl@45 (line 776)
  0x00000273eb7e8ca8: c000 0000 

  0x00000273eb7e8cac: ;   {section_word}
  0x00000273eb7e8cac: 48ba ac8c | 7eeb 7302 

  0x00000273eb7e8cb4: ;   {runtime_call handle_exception_nofpu Runtime1 stub}
  0x00000273eb7e8cb4: 0000 e825 | e749 0790 | 498b 8700 | 0500 004d | 33d2 4d89 | 9700 0500 | 004d 33d2 | 4d89 9708 
  0x00000273eb7e8cd4: ;   {oop(a 'java/lang/Class'{0x000000008ba3b250} = 'sun/awt/AWTAccessor')}
  0x00000273eb7e8cd4: 0500 0048 | be50 b2a3 | 8b00 0000 | 008b b684 | 0000 004c | 8b84 24a8 | 0000 004d 

  0x00000273eb7e8cf0: ;   {metadata(method data for {method} {0x00000273c1100018} 'dispatched' '()V' in 'java/awt/AWTEvent')}
  0x00000273eb7e8cf0: 85c0 48b8 | 08d1 a5c1 | 7302 0000 | 750c 8088 | 7101 0000 | 01e9 b100 | 0000 418b | 5008 49ba 
  0x00000273eb7e8d10: 0000 0080 | 7302 0000 | 4903 d248 | 3b90 8001 | 0000 750d | 4883 8088 | 0100 0001 | e960 0000 
  0x00000273eb7e8d30: 0048 3b90 | 9001 0000 | 750d 4883 | 8098 0100 | 0001 e94a | 0000 0048 | 83b8 8001 | 0000 0075 
  0x00000273eb7e8d50: 1748 8990 | 8001 0000 | 48c7 8088 | 0100 0001 | 0000 00e9 | 2900 0000 | 4883 b890 | 0100 0000 
  0x00000273eb7e8d70: 7517 4889 | 9090 0100 | 0048 c780 | 9801 0000 | 0100 0000 | e908 0000 | 0048 8380 | 7801 0000 
  0x00000273eb7e8d90: ;   {metadata('java/awt/event/InputEvent')}
  0x00000273eb7e8d90: 0148 ba28 | 6505 8173 | 0200 0041 | 8b40 0849 | ba00 0000 | 8073 0200 | 0049 03c2 | 483b 5050 
  0x00000273eb7e8db0: 0f85 3704 | 0000 e900 | 0000 0049 | 8bf8 4885 | f60f 8429 

  0x00000273eb7e8dc4: ;   {metadata('java/awt/event/InputEvent$1')}
  0x00000273eb7e8dc4: 0000 0048 | b980 7205 | 8173 0200 | 008b 5608 | 49ba 0000 | 0080 7302 | 0000 4903 | d248 3b4a 
  0x00000273eb7e8de4: 380f 850b | 0400 00e9 | 0000 0000 | 488b de48 

  0x00000273eb7e8df4: ;   {metadata(method data for {method} {0x00000273c1100018} 'dispatched' '()V' in 'java/awt/AWTEvent')}
  0x00000273eb7e8df4: 3b06 48bb | 08d1 a5c1 | 7302 0000 

  0x00000273eb7e8e00: ;   {metadata('java/awt/event/InputEvent$1')}
  0x00000273eb7e8e00: 49ba 8072 | 0581 7302 | 0000 4c89 | 93b0 0100 | 0048 8383 | b801 0000 

  0x00000273eb7e8e18: ;   {metadata(method data for {method} {0x00000273c1103558} 'setCanAccessSystemClipboard' '(Ljava/awt/event/InputEvent;Z)V' in 'java/awt/event/InputEvent$1')}
  0x00000273eb7e8e18: 0148 bea0 | d4a5 c173 | 0200 008b | 9ecc 0000 | 0083 c302 | 899e cc00 | 0000 81e3 | feff 1f00 
  0x00000273eb7e8e38: 85db 0f84 | c003 0000 

  0x00000273eb7e8e40: ; implicit exception: dispatches to 0x00000273eb7e9221
  0x00000273eb7e8e40: c647 2c00 

  0x00000273eb7e8e44: ;   {metadata(method data for {method} {0x00000273c1172658} 'dispatchEventImpl' '(Ljava/awt/AWTEvent;Ljava/lang/Object;)V' in 'java/awt/EventQueue')}
  0x00000273eb7e8e44: 48be 58ca | a5c1 7302 | 0000 ff86 | f002 0000 | 4881 c4d0 | 0000 005d 

  0x00000273eb7e8e5c: ;   {poll_return}
  0x00000273eb7e8e5c: 493b a748 | 0400 000f | 87bd 0300 

  0x00000273eb7e8e68: ;   {metadata({method} {0x00000273c1172658} 'dispatchEventImpl' '(Ljava/awt/AWTEvent;Ljava/lang/Object;)V' in 'java/awt/EventQueue')}
  0x00000273eb7e8e68: 00c3 49ba | 5026 17c1 | 7302 0000 | 4c89 5424 | 0848 c704 | 24ff ffff 

  0x00000273eb7e8e80: ;   {runtime_call counter_overflow Runtime1 stub}
  0x00000273eb7e8e80: ffe8 5a28 

  0x00000273eb7e8e84: ; ImmutableOopMap {rdx=Oop r8=Oop r9=Oop [168]=Oop }
                      ;*synchronization entry
                      ; - java.awt.EventQueue::dispatchEventImpl@-1 (line 769)
  0x00000273eb7e8e84: 4a07 e903 

  0x00000273eb7e8e88: ;   {runtime_call throw_null_pointer_exception Runtime1 stub}
  0x00000273eb7e8e88: e6ff ffe8 

  0x00000273eb7e8e8c: ; ImmutableOopMap {rdx=Oop r8=Oop r9=Oop [168]=Oop }
                      ;*putfield isPosted {reexecute=1 rethrow=0 return_oop=0}
                      ; - (reexecute) java.awt.EventQueue::dispatchEventImpl@2 (line 769)
  0x00000273eb7e8e8c: d0c9 4907 | 4c89 0c24 

  0x00000273eb7e8e94: ;   {runtime_call throw_class_cast_exception Runtime1 stub}
  0x00000273eb7e8e94: e8c7 f149 

  0x00000273eb7e8e98: ; ImmutableOopMap {r8=Oop [168]=Oop }
                      ;*checkcast {reexecute=0 rethrow=0 return_oop=0}
                      ; - java.awt.EventQueue::dispatchEventImpl@37 (line 775)
                      ;   {runtime_call throw_null_pointer_exception Runtime1 stub}
  0x00000273eb7e8e98: 07e8 c2c9 

  0x00000273eb7e8e9c: ; ImmutableOopMap {r8=Oop rdx=Oop [168]=Oop }
                      ;*invokevirtual dispatchEvent {reexecute=0 rethrow=0 return_oop=0}
                      ; - java.awt.EventQueue::dispatchEventImpl@41 (line 775)
                      ;   {metadata({method} {0x00000273c10519b0} 'dispatchEvent' '(Ljava/awt/AWTEvent;)V' in 'java/awt/Component')}
  0x00000273eb7e8e9c: 4907 49ba | a819 05c1 | 7302 0000 | 4c89 5424 | 0848 c704 | 24ff ffff 

  0x00000273eb7e8eb4: ;   {runtime_call counter_overflow Runtime1 stub}
  0x00000273eb7e8eb4: ffe8 2628 

  0x00000273eb7e8eb8: ; ImmutableOopMap {r8=Oop rdx=Oop [168]=Oop }
                      ;*synchronization entry
                      ; - java.awt.Component::dispatchEvent@-1 (line 4828)
                      ; - java.awt.EventQueue::dispatchEventImpl@41 (line 775)
  0x00000273eb7e8eb8: 4a07 e9fc 

  0x00000273eb7e8ebc: ;   {metadata({method} {0x00000273c1100018} 'dispatched' '()V' in 'java/awt/AWTEvent')}
  0x00000273eb7e8ebc: e8ff ff49 | ba10 0010 | c173 0200 | 004c 8954 | 2408 48c7 | 0424 ffff 

  0x00000273eb7e8ed4: ;   {runtime_call counter_overflow Runtime1 stub}
  0x00000273eb7e8ed4: ffff e805 

  0x00000273eb7e8ed8: ; ImmutableOopMap {[168]=Oop }
                      ;*synchronization entry
                      ; - java.awt.AWTEvent::dispatched@-1 (line 595)
                      ; - java.awt.EventQueue::dispatchEventImpl@45 (line 776)
  0x00000273eb7e8ed8: 284a 07e9 | 4cea ffff 

  0x00000273eb7e8ee0: ;   {metadata({method} {0x00000273c10c0db8} 'getInputEventAccessor' '()Lsun/awt/AWTAccessor$InputEventAccessor;' in 'sun/awt/AWTAccessor')}
  0x00000273eb7e8ee0: 49ba b00d | 0cc1 7302 | 0000 4c89 | 5424 0848 | c704 24ff 

  0x00000273eb7e8ef4: ;   {runtime_call counter_overflow Runtime1 stub}
  0x00000273eb7e8ef4: ffff ffe8 

  0x00000273eb7e8ef8: ; ImmutableOopMap {r8=Oop [168]=Oop }
                      ;*synchronization entry
                      ; - sun.awt.AWTAccessor::getInputEventAccessor@-1 (line 986)
                      ; - java.awt.AWTEvent::dispatched@7 (line 596)
                      ; - java.awt.EventQueue::dispatchEventImpl@45 (line 776)
  0x00000273eb7e8ef8: e427 4a07 | e96c ebff 

  0x00000273eb7e8f00: ;   {metadata({method} {0x00000273c10c3578} 'ensureClassInitialized' '(Ljava/lang/Class;)V' in 'sun/awt/AWTAccessor')}
  0x00000273eb7e8f00: ff49 ba70 | 350c c173 | 0200 004c | 8954 2408 | 48c7 0424 | ffff ffff 

  0x00000273eb7e8f18: ;   {runtime_call counter_overflow Runtime1 stub}
  0x00000273eb7e8f18: e8c3 274a 

  0x00000273eb7e8f1c: ; ImmutableOopMap {[168]=Oop }
                      ;*synchronization entry
                      ; - sun.awt.AWTAccessor::ensureClassInitialized@-1 (line 1489)
                      ; - sun.awt.AWTAccessor::getInputEventAccessor@10 (line 988)
                      ; - java.awt.AWTEvent::dispatched@7 (line 596)
                      ; - java.awt.EventQueue::dispatchEventImpl@45 (line 776)
  0x00000273eb7e8f1c: 07e9 bfeb 

  0x00000273eb7e8f20: ;   {metadata({method} {0x0000027380455438} 'lookup' '()Ljava/lang/invoke/MethodHandles$Lookup;' in 'java/lang/invoke/MethodHandles')}
  0x00000273eb7e8f20: ffff 49ba | 3054 4580 | 7302 0000 | 4c89 5424 | 0848 c704 | 24ff ffff 

  0x00000273eb7e8f38: ;   {runtime_call counter_overflow Runtime1 stub}
  0x00000273eb7e8f38: ffe8 a227 

  0x00000273eb7e8f3c: ; ImmutableOopMap {[168]=Oop }
                      ;*synchronization entry
                      ; - java.lang.invoke.MethodHandles::lookup@-1 (line 127)
                      ; - sun.awt.AWTAccessor::ensureClassInitialized@0 (line 1489)
                      ; - sun.awt.AWTAccessor::getInputEventAccessor@10 (line 988)
                      ; - java.awt.AWTEvent::dispatched@7 (line 596)
                      ; - java.awt.EventQueue::dispatchEventImpl@45 (line 776)
  0x00000273eb7e8f3c: 4a07 e9d7 | ebff ff48 

  0x00000273eb7e8f44: ;   {runtime_call fast_new_instance Runtime1 stub}
  0x00000273eb7e8f44: 8bd2 e815 

  0x00000273eb7e8f48: ; ImmutableOopMap {r8=Oop [168]=Oop }
                      ;*new {reexecute=0 rethrow=0 return_oop=0}
                      ; - java.lang.invoke.MethodHandles::lookup@18 (line 131)
                      ; - sun.awt.AWTAccessor::ensureClassInitialized@0 (line 1489)
                      ; - sun.awt.AWTAccessor::getInputEventAccessor@10 (line 988)
                      ; - java.awt.AWTEvent::dispatched@7 (line 596)
                      ; - java.awt.EventQueue::dispatchEventImpl@45 (line 776)
  0x00000273eb7e8f48: d349 07e9 | 6eec ffff 

  0x00000273eb7e8f50: ;   {metadata({method} {0x000002738044cf28} '<init>' '(Ljava/lang/Class;)V' in 'java/lang/invoke/MethodHandles$Lookup')}
  0x00000273eb7e8f50: 49ba 20cf | 4480 7302 | 0000 4c89 | 5424 0848 | c704 24ff 

  0x00000273eb7e8f64: ;   {runtime_call counter_overflow Runtime1 stub}
  0x00000273eb7e8f64: ffff ffe8 

  0x00000273eb7e8f68: ; ImmutableOopMap {r8=Oop rax=Oop [168]=Oop }
                      ;*synchronization entry
                      ; - java.lang.invoke.MethodHandles$Lookup::<init>@-1 (line 1625)
                      ; - java.lang.invoke.MethodHandles::lookup@23 (line 131)
                      ; - sun.awt.AWTAccessor::ensureClassInitialized@0 (line 1489)
                      ; - sun.awt.AWTAccessor::getInputEventAccessor@10 (line 988)
                      ; - java.awt.AWTEvent::dispatched@7 (line 596)
                      ; - java.awt.EventQueue::dispatchEventImpl@45 (line 776)
  0x00000273eb7e8f68: 7427 4a07 | e98b ecff 

  0x00000273eb7e8f70: ;   {metadata({method} {0x00000273c1171b38} 'noEvents' '()Z' in 'java/awt/EventQueue')}
  0x00000273eb7e8f70: ff49 ba30 | 1b17 c173 | 0200 004c | 8954 2408 | 48c7 0424 | ffff ffff 

  0x00000273eb7e8f88: ;   {runtime_call counter_overflow Runtime1 stub}
  0x00000273eb7e8f88: e853 274a 

  0x00000273eb7e8f8c: ; ImmutableOopMap {rdx=Oop }
                      ;*synchronization entry
                      ; - java.awt.EventQueue::noEvents@-1 (line 533)
                      ; - java.awt.EventQueue::dispatchEventImpl@95 (line 782)
  0x00000273eb7e8f8c: 07e9 30f0 

  0x00000273eb7e8f90: ;   {runtime_call throw_null_pointer_exception Runtime1 stub}
  0x00000273eb7e8f90: ffff e8c9 

  0x00000273eb7e8f94: ; ImmutableOopMap {rdx=Oop rdi=Oop }
                      ;*aaload {reexecute=0 rethrow=0 return_oop=0}
                      ; - java.awt.EventQueue::noEvents@12 (line 534)
                      ; - java.awt.EventQueue::dispatchEventImpl@95 (line 782)
                      ;   {runtime_call throw_null_pointer_exception Runtime1 stub}
  0x00000273eb7e8f94: c849 07e8 

  0x00000273eb7e8f98: ; ImmutableOopMap {rdx=Oop rdi=Oop }
                      ;*aaload {reexecute=0 rethrow=0 return_oop=0}
                      ; - java.awt.EventQueue::noEvents@12 (line 534)
                      ; - java.awt.EventQueue::dispatchEventImpl@95 (line 782)
  0x00000273eb7e8f98: c4c8 4907 | 4889 3424 | 4889 7c24 

  0x00000273eb7e8fa4: ;   {runtime_call throw_range_check_failed Runtime1 stub}
  0x00000273eb7e8fa4: 08e8 b6bf 

  0x00000273eb7e8fa8: ; ImmutableOopMap {rdx=Oop rdi=Oop }
                      ;*aaload {reexecute=0 rethrow=0 return_oop=0}
                      ; - java.awt.EventQueue::noEvents@12 (line 534)
                      ; - java.awt.EventQueue::dispatchEventImpl@95 (line 782)
                      ;   {runtime_call throw_null_pointer_exception Runtime1 stub}
  0x00000273eb7e8fa8: 4907 e8b1 

  0x00000273eb7e8fac: ; ImmutableOopMap {rdx=Oop }
                      ;*getfield head {reexecute=1 rethrow=0 return_oop=0}
                      ; - (reexecute) java.awt.EventQueue::noEvents@13 (line 534)
                      ; - java.awt.EventQueue::dispatchEventImpl@95 (line 782)
                      ;   {metadata({method} {0x00000273c1171b38} 'noEvents' '()Z' in 'java/awt/EventQueue')}
  0x00000273eb7e8fac: c849 0749 | ba30 1b17 | c173 0200 | 004c 8954 | 2408 48c7 | 0424 1800 

  0x00000273eb7e8fc4: ;   {runtime_call counter_overflow Runtime1 stub}
  0x00000273eb7e8fc4: 0000 e815 

  0x00000273eb7e8fc8: ; ImmutableOopMap {rdx=Oop }
                      ;*goto {reexecute=1 rethrow=0 return_oop=0}
                      ; - (reexecute) java.awt.EventQueue::noEvents@24 (line 533)
                      ; - java.awt.EventQueue::dispatchEventImpl@95 (line 782)
  0x00000273eb7e8fc8: 274a 07e9 | 6af0 ffff 

  0x00000273eb7e8fd0: ;   {metadata({method} {0x00000273c1170a50} 'getEventLog' '()Lsun/util/logging/PlatformLogger;' in 'java/awt/EventQueue')}
  0x00000273eb7e8fd0: 49ba 480a | 17c1 7302 | 0000 4c89 | 5424 0848 | c704 24ff 

  0x00000273eb7e8fe4: ;   {runtime_call counter_overflow Runtime1 stub}
  0x00000273eb7e8fe4: ffff ffe8 

  0x00000273eb7e8fe8: ; ImmutableOopMap {[168]=Oop }
                      ;*synchronization entry
                      ; - java.awt.EventQueue::getEventLog@-1 (line 188)
                      ; - java.awt.EventQueue::dispatchEventImpl@111 (line 786)
  0x00000273eb7e8fe8: f426 4a07 | e90a f1ff | ff41 8b50 | 7848 83fa | 000f 8474 | f1ff ff48 

  0x00000273eb7e9000: ;   {runtime_call g1_pre_barrier_slow}
  0x00000273eb7e9000: 8914 24e8 | d82d 4a07 | e966 f1ff | ff48 83f8 | 000f 847d | f1ff ff4c 

  0x00000273eb7e9018: ;   {runtime_call g1_post_barrier_slow}
  0x00000273eb7e9018: 8904 24e8 | 4031 4a07 | e96f f1ff 

  0x00000273eb7e9024: ;   {runtime_call throw_null_pointer_exception Runtime1 stub}
  0x00000273eb7e9024: ffe8 36c8 

  0x00000273eb7e9028: ; ImmutableOopMap {r8=Oop [168]=Oop }
                      ;*invokevirtual isLoggable {reexecute=0 rethrow=0 return_oop=0}
                      ; - java.awt.EventQueue::dispatchEventImpl@117 (line 786)
                      ;   {metadata({method} {0x00000273c109d058} 'isLoggable' '(Lsun/util/logging/PlatformLogger$Level;)Z' in 'sun/util/logging/PlatformLogger')}
  0x00000273eb7e9028: 4907 49ba | 50d0 09c1 | 7302 0000 | 4c89 5424 | 0848 c704 | 24ff ffff 

  0x00000273eb7e9040: ;   {runtime_call counter_overflow Runtime1 stub}
  0x00000273eb7e9040: ffe8 9a26 

  0x00000273eb7e9044: ; ImmutableOopMap {r8=Oop [168]=Oop }
                      ;*synchronization entry
                      ; - sun.util.logging.PlatformLogger::isLoggable@-1 (line 336)
                      ; - java.awt.EventQueue::dispatchEventImpl@117 (line 786)
  0x00000273eb7e9044: 4a07 e9a7 

  0x00000273eb7e9048: ;   {runtime_call throw_null_pointer_exception Runtime1 stub}
  0x00000273eb7e9048: f1ff ffe8 

  0x00000273eb7e904c: ; ImmutableOopMap {rdx=Oop [168]=Oop }
                      ;*invokeinterface isLoggable {reexecute=0 rethrow=0 return_oop=0}
                      ; - sun.util.logging.PlatformLogger::isLoggable@17 (line 340)
                      ; - java.awt.EventQueue::dispatchEventImpl@117 (line 786)
  0x00000273eb7e904c: 10c8 4907 

  0x00000273eb7e9050: ;   {metadata({method} {0x00000273c1170a50} 'getEventLog' '()Lsun/util/logging/PlatformLogger;' in 'java/awt/EventQueue')}
  0x00000273eb7e9050: 49ba 480a | 17c1 7302 | 0000 4c89 | 5424 0848 | c704 24ff 

  0x00000273eb7e9064: ;   {runtime_call counter_overflow Runtime1 stub}
  0x00000273eb7e9064: ffff ffe8 

  0x00000273eb7e9068: ; ImmutableOopMap {[168]=Oop }
                      ;*synchronization entry
                      ; - java.awt.EventQueue::getEventLog@-1 (line 188)
                      ; - java.awt.EventQueue::dispatchEventImpl@123 (line 787)
  0x00000273eb7e9068: 7426 4a07 | e9b9 f2ff | ff8b 7278 | 4883 fe00 | 0f84 25f3 | ffff 4889 

  0x00000273eb7e9080: ;   {runtime_call g1_pre_barrier_slow}
  0x00000273eb7e9080: 3424 e859 | 2d4a 07e9 | 17f3 ffff | 4883 f800 | 0f84 2ef3 | ffff 4889 

  0x00000273eb7e9098: ;   {runtime_call g1_post_barrier_slow}
  0x00000273eb7e9098: 1424 e8c1 | 304a 07e9 | 20f3 ffff 

  0x00000273eb7e90a4: ;   {metadata({method} {0x000002738048d428} 'valueOf' '(Ljava/lang/Object;)Ljava/lang/String;' in 'java/lang/String')}
  0x00000273eb7e90a4: 49ba 20d4 | 4880 7302 | 0000 4c89 | 5424 0848 | c704 24ff 

  0x00000273eb7e90b8: ;   {runtime_call counter_overflow Runtime1 stub}
  0x00000273eb7e90b8: ffff ffe8 

  0x00000273eb7e90bc: ; ImmutableOopMap {rsi=Oop r8=Oop [168]=Oop [184]=Oop }
                      ;*synchronization entry
                      ; - java.lang.String::valueOf@-1 (line 4556)
                      ; - java.awt.EventQueue::dispatchEventImpl@127 (line 787)
  0x00000273eb7e90bc: 2026 4a07 | e955 f3ff | ff49 b800 | 0000 0000 | 0000 00b8 | 000f 050a 

  0x00000273eb7e90d4: ;   {runtime_call load_appendix_patching Runtime1 stub}
  0x00000273eb7e90d4: e887 1c4a 

  0x00000273eb7e90d8: ; ImmutableOopMap {rdi=Oop [184]=Oop }
                      ;*invokedynamic {reexecute=1 rethrow=0 return_oop=0}
                      ; - (reexecute) java.awt.EventQueue::dispatchEventImpl@130 (line 787)
  0x00000273eb7e90d8: 07e9 32f4 

  0x00000273eb7e90dc: ;   {runtime_call throw_null_pointer_exception Runtime1 stub}
  0x00000273eb7e90dc: ffff e87d 

  0x00000273eb7e90e0: ; ImmutableOopMap {rax=Oop rsi=Oop [184]=Oop }
                      ;*invokevirtual fine {reexecute=0 rethrow=0 return_oop=0}
                      ; - java.awt.EventQueue::dispatchEventImpl@135 (line 787)
                      ;   {metadata({method} {0x00000273c109dcb0} 'fine' '(Ljava/lang/String;)V' in 'sun/util/logging/PlatformLogger')}
  0x00000273eb7e90e0: c749 0749 | baa8 dc09 | c173 0200 | 004c 8954 | 2408 48c7 | 0424 ffff 

  0x00000273eb7e90f8: ;   {runtime_call counter_overflow Runtime1 stub}
  0x00000273eb7e90f8: ffff e8e1 

  0x00000273eb7e90fc: ; ImmutableOopMap {rax=Oop rsi=Oop [184]=Oop }
                      ;*synchronization entry
                      ; - sun.util.logging.PlatformLogger::fine@-1 (line 449)
                      ; - java.awt.EventQueue::dispatchEventImpl@135 (line 787)
  0x00000273eb7e90fc: 254a 07e9 | a6f4 ffff 

  0x00000273eb7e9104: ;   {runtime_call throw_null_pointer_exception Runtime1 stub}
  0x00000273eb7e9104: e857 c749 

  0x00000273eb7e9108: ; ImmutableOopMap {rax=Oop rdx=Oop }
                      ;*invokeinterface log {reexecute=0 rethrow=0 return_oop=0}
                      ; - sun.util.logging.PlatformLogger::fine@12 (line 449)
                      ; - java.awt.EventQueue::dispatchEventImpl@135 (line 787)
                      ;   {internal_word}
  0x00000273eb7e9108: 0749 ba7c | 867e eb73 | 0200 004d | 8997 6004 

  0x00000273eb7e9118: ;   {runtime_call SafepointBlob}
  0x00000273eb7e9118: 0000 e9c1 

  0x00000273eb7e911c: ;   {runtime_call throw_null_pointer_exception Runtime1 stub}
  0x00000273eb7e911c: d63a 07e8 

  0x00000273eb7e9120: ; ImmutableOopMap {r8=Oop }
                      ;*invokevirtual stopDispatching {reexecute=0 rethrow=0 return_oop=0}
                      ; - java.awt.EventQueue::dispatchEventImpl@105 (line 783)
  0x00000273eb7e9120: 3cc7 4907 

  0x00000273eb7e9124: ;   {metadata({method} {0x00000273c16b6c18} 'stopDispatching' '()V' in 'java/awt/EventDispatchThread')}
  0x00000273eb7e9124: 49ba 106c | 6bc1 7302 | 0000 4c89 | 5424 0848 | c704 24ff 

  0x00000273eb7e9138: ;   {runtime_call counter_overflow Runtime1 stub}
  0x00000273eb7e9138: ffff ffe8 

  0x00000273eb7e913c: ; ImmutableOopMap {r8=Oop }
                      ;*synchronization entry
                      ; - java.awt.EventDispatchThread::stopDispatching@-1 (line 85)
                      ; - java.awt.EventQueue::dispatchEventImpl@105 (line 783)
  0x00000273eb7e913c: a025 4a07 | e999 f5ff 

  0x00000273eb7e9144: ;   {internal_word}
  0x00000273eb7e9144: ff49 ba06 | 877e eb73 | 0200 004d | 8997 6004 

  0x00000273eb7e9154: ;   {runtime_call SafepointBlob}
  0x00000273eb7e9154: 0000 e985 | d63a 074c 

  0x00000273eb7e915c: ;   {runtime_call throw_class_cast_exception Runtime1 stub}
  0x00000273eb7e915c: 890c 24e8 

  0x00000273eb7e9160: ; ImmutableOopMap {r8=Oop [168]=Oop }
                      ;*checkcast {reexecute=0 rethrow=0 return_oop=0}
                      ; - java.awt.EventQueue::dispatchEventImpl@77 (line 780)
  0x00000273eb7e9160: fcee 4907 

  0x00000273eb7e9164: ;   {runtime_call throw_null_pointer_exception Runtime1 stub}
  0x00000273eb7e9164: e8f7 c649 

  0x00000273eb7e9168: ; ImmutableOopMap {r8=Oop rdx=Oop [168]=Oop }
                      ;*invokevirtual dispatchEvent {reexecute=0 rethrow=0 return_oop=0}
                      ; - java.awt.EventQueue::dispatchEventImpl@81 (line 780)
                      ;   {internal_word}
  0x00000273eb7e9168: 0749 bab5 | 887e eb73 | 0200 004d | 8997 6004 

  0x00000273eb7e9178: ;   {runtime_call SafepointBlob}
  0x00000273eb7e9178: 0000 e961 | d63a 074c 

  0x00000273eb7e9180: ;   {runtime_call throw_class_cast_exception Runtime1 stub}
  0x00000273eb7e9180: 890c 24e8 

  0x00000273eb7e9184: ; ImmutableOopMap {r8=Oop [168]=Oop }
                      ;*checkcast {reexecute=0 rethrow=0 return_oop=0}
                      ; - java.awt.EventQueue::dispatchEventImpl@59 (line 778)
  0x00000273eb7e9184: d8ee 4907 

  0x00000273eb7e9188: ;   {runtime_call throw_null_pointer_exception Runtime1 stub}
  0x00000273eb7e9188: e8d3 c649 

  0x00000273eb7e918c: ; ImmutableOopMap {r8=Oop rdx=Oop [168]=Oop }
                      ;*invokevirtual dispatchEvent {reexecute=0 rethrow=0 return_oop=0}
                      ; - java.awt.EventQueue::dispatchEventImpl@63 (line 778)
                      ;   {internal_word}
  0x00000273eb7e918c: 0749 ba55 | 8a7e eb73 | 0200 004d | 8997 6004 

  0x00000273eb7e919c: ;   {runtime_call SafepointBlob}
  0x00000273eb7e919c: 0000 e93d | d63a 074c 

  0x00000273eb7e91a4: ;   {runtime_call throw_class_cast_exception Runtime1 stub}
  0x00000273eb7e91a4: 8904 24e8 

  0x00000273eb7e91a8: ; ImmutableOopMap {}
                      ;*checkcast {reexecute=0 rethrow=0 return_oop=0}
                      ; - java.awt.EventQueue::dispatchEventImpl@18 (line 773)
  0x00000273eb7e91a8: b4ee 4907 

  0x00000273eb7e91ac: ;   {runtime_call throw_null_pointer_exception Runtime1 stub}
  0x00000273eb7e91ac: e8af c649 

  0x00000273eb7e91b0: ; ImmutableOopMap {rdx=Oop }
                      ;*invokeinterface dispatch {reexecute=0 rethrow=0 return_oop=0}
                      ; - java.awt.EventQueue::dispatchEventImpl@21 (line 773)
                      ;   {internal_word}
  0x00000273eb7e91b0: 0749 ba44 | 8c7e eb73 | 0200 004d | 8997 6004 

  0x00000273eb7e91c0: ;   {runtime_call SafepointBlob}
  0x00000273eb7e91c0: 0000 e919 

  0x00000273eb7e91c4: ;   {metadata(nullptr)}
  0x00000273eb7e91c4: d63a 0748 | ba00 0000 | 0000 0000 | 00b8 000f 

  0x00000273eb7e91d4: ;   {runtime_call load_klass_patching Runtime1 stub}
  0x00000273eb7e91d4: 050a e885 

  0x00000273eb7e91d8: ; ImmutableOopMap {[168]=Oop }
                      ;*new {reexecute=1 rethrow=0 return_oop=0}
                      ; - (reexecute) java.lang.invoke.MethodHandles::lookup@8 (line 129)
                      ; - sun.awt.AWTAccessor::ensureClassInitialized@0 (line 1489)
                      ; - sun.awt.AWTAccessor::getInputEventAccessor@10 (line 988)
                      ; - java.awt.AWTEvent::dispatched@7 (line 596)
                      ; - java.awt.EventQueue::dispatchEventImpl@45 (line 776)
  0x00000273eb7e91d8: 0e4a 07e9 | 78fa ffff 

  0x00000273eb7e91e0: ;   {runtime_call new_instance Runtime1 stub}
  0x00000273eb7e91e0: 488b d2e8 

  0x00000273eb7e91e4: ; ImmutableOopMap {[168]=Oop }
                      ;*new {reexecute=0 rethrow=0 return_oop=0}
                      ; - java.lang.invoke.MethodHandles::lookup@8 (line 129)
                      ; - sun.awt.AWTAccessor::ensureClassInitialized@0 (line 1489)
                      ; - sun.awt.AWTAccessor::getInputEventAccessor@10 (line 988)
                      ; - java.awt.AWTEvent::dispatched@7 (line 596)
                      ; - java.awt.EventQueue::dispatchEventImpl@45 (line 776)
  0x00000273eb7e91e4: f8cc 4907 | e97a faff | ff4c 8904 

  0x00000273eb7e91f0: ;   {runtime_call throw_class_cast_exception Runtime1 stub}
  0x00000273eb7e91f0: 24e8 6aee 

  0x00000273eb7e91f4: ; ImmutableOopMap {rsi=Oop }
                      ;*checkcast {reexecute=0 rethrow=0 return_oop=0}
                      ; - java.awt.AWTEvent::dispatched@11 (line 596)
                      ; - java.awt.EventQueue::dispatchEventImpl@45 (line 776)
                      ;   {runtime_call throw_incompatible_class_change_error Runtime1 stub}
  0x00000273eb7e91f4: 4907 e865 

  0x00000273eb7e91f8: ; ImmutableOopMap {rsi=Oop rdi=Oop }
                      ;*invokeinterface setCanAccessSystemClipboard {reexecute=0 rethrow=0 return_oop=0}
                      ; - java.awt.AWTEvent::dispatched@15 (line 597)
                      ; - java.awt.EventQueue::dispatchEventImpl@45 (line 776)
                      ;   {runtime_call throw_null_pointer_exception Runtime1 stub}
  0x00000273eb7e91f8: f149 07e8 

  0x00000273eb7e91fc: ; ImmutableOopMap {rsi=Oop rdi=Oop }
                      ;*invokeinterface setCanAccessSystemClipboard {reexecute=0 rethrow=0 return_oop=0}
                      ; - java.awt.AWTEvent::dispatched@15 (line 597)
                      ; - java.awt.EventQueue::dispatchEventImpl@45 (line 776)
  0x00000273eb7e91fc: 60c6 4907 

  0x00000273eb7e9200: ;   {metadata({method} {0x00000273c1103558} 'setCanAccessSystemClipboard' '(Ljava/awt/event/InputEvent;Z)V' in 'java/awt/event/InputEvent$1')}
  0x00000273eb7e9200: 49ba 5035 | 10c1 7302 | 0000 4c89 | 5424 0848 | c704 24ff 

  0x00000273eb7e9214: ;   {runtime_call counter_overflow Runtime1 stub}
  0x00000273eb7e9214: ffff ffe8 

  0x00000273eb7e9218: ; ImmutableOopMap {rdi=Oop }
                      ;*synchronization entry
                      ; - java.awt.event.InputEvent$1::setCanAccessSystemClipboard@-1 (line 338)
                      ; - java.awt.AWTEvent::dispatched@15 (line 597)
                      ; - java.awt.EventQueue::dispatchEventImpl@45 (line 776)
  0x00000273eb7e9218: c424 4a07 | e91f fcff 

  0x00000273eb7e9220: ;   {runtime_call throw_null_pointer_exception Runtime1 stub}
  0x00000273eb7e9220: ffe8 3ac6 

  0x00000273eb7e9224: ; ImmutableOopMap {}
                      ;*putfield canAccessSystemClipboard {reexecute=1 rethrow=0 return_oop=0}
                      ; - (reexecute) java.awt.event.InputEvent$1::setCanAccessSystemClipboard@2 (line 338)
                      ; - java.awt.AWTEvent::dispatched@15 (line 597)
                      ; - java.awt.EventQueue::dispatchEventImpl@45 (line 776)
                      ;   {internal_word}
  0x00000273eb7e9224: 4907 49ba | 5c8e 7eeb | 7302 0000 | 4d89 9760 

  0x00000273eb7e9234: ;   {runtime_call SafepointBlob}
  0x00000273eb7e9234: 0400 00e9 | a4d5 3a07 | 498b 8700 | 0500 0049 | c787 0005 | 0000 0000 | 0000 49c7 | 8708 0500 
  0x00000273eb7e9254: 0000 0000 | 0048 81c4 | d000 0000 

  0x00000273eb7e9260: ;   {runtime_call unwind_exception Runtime1 stub}
  0x00000273eb7e9260: 5de9 fab6 | 4907 f4f4 
[Stub Code]
  0x00000273eb7e9268: ;   {no_reloc}
  0x00000273eb7e9268: 0f1f 4400 

  0x00000273eb7e926c: ;   {static_stub}
  0x00000273eb7e926c: 0048 bb00 | 0000 0000 

  0x00000273eb7e9274: ;   {runtime_call nmethod}
  0x00000273eb7e9274: 0000 00e9 | fbff ffff 

  0x00000273eb7e927c: ;   {static_stub}
  0x00000273eb7e927c: 9048 bb00 | 0000 0000 

  0x00000273eb7e9284: ;   {runtime_call nmethod}
  0x00000273eb7e9284: 0000 00e9 | fbff ffff 

  0x00000273eb7e928c: ;   {static_stub}
  0x00000273eb7e928c: 9048 bb00 | 0000 0000 

  0x00000273eb7e9294: ;   {runtime_call nmethod}
  0x00000273eb7e9294: 0000 00e9 | fbff ffff 

  0x00000273eb7e929c: ;   {static_stub}
  0x00000273eb7e929c: 9048 bb00 | 0000 0000 

  0x00000273eb7e92a4: ;   {runtime_call nmethod}
  0x00000273eb7e92a4: 0000 00e9 | fbff ffff 

  0x00000273eb7e92ac: ;   {static_stub}
  0x00000273eb7e92ac: 9048 bb00 | 0000 0000 

  0x00000273eb7e92b4: ;   {runtime_call nmethod}
  0x00000273eb7e92b4: 0000 00e9 | fbff ffff 

  0x00000273eb7e92bc: ;   {static_stub}
  0x00000273eb7e92bc: 9048 bb00 | 0000 0000 

  0x00000273eb7e92c4: ;   {runtime_call nmethod}
  0x00000273eb7e92c4: 0000 00e9 | fbff ffff 

  0x00000273eb7e92cc: ;   {static_stub}
  0x00000273eb7e92cc: 9048 bb00 | 0000 0000 

  0x00000273eb7e92d4: ;   {runtime_call nmethod}
  0x00000273eb7e92d4: 0000 00e9 | fbff ffff 

  0x00000273eb7e92dc: ;   {static_stub}
  0x00000273eb7e92dc: 9048 bb00 | 0000 0000 

  0x00000273eb7e92e4: ;   {runtime_call nmethod}
  0x00000273eb7e92e4: 0000 00e9 | fbff ffff 

  0x00000273eb7e92ec: ;   {static_stub}
  0x00000273eb7e92ec: 9048 bb00 | 0000 0000 

  0x00000273eb7e92f4: ;   {runtime_call nmethod}
  0x00000273eb7e92f4: 0000 00e9 | fbff ffff 

  0x00000273eb7e92fc: ;   {static_stub}
  0x00000273eb7e92fc: 48bb 0000 | 0000 0000 

  0x00000273eb7e9304: ;   {runtime_call nmethod}
  0x00000273eb7e9304: 0000 e9fb 

  0x00000273eb7e9308: ;   {static_stub}
  0x00000273eb7e9308: ffff ff48 | bb00 0000 | 0000 0000 

  0x00000273eb7e9314: ;   {runtime_call nmethod}
  0x00000273eb7e9314: 00e9 fbff 

  0x00000273eb7e9318: ;   {static_stub}
  0x00000273eb7e9318: ffff 48bb | 0000 0000 | 0000 0000 

  0x00000273eb7e9324: ;   {runtime_call nmethod}
  0x00000273eb7e9324: e9fb ffff 

  0x00000273eb7e9328: ;   {static_stub}
  0x00000273eb7e9328: ff48 bb00 | 0000 0000 

  0x00000273eb7e9330: ;   {runtime_call nmethod}
  0x00000273eb7e9330: 0000 00e9 | fbff ffff 

  0x00000273eb7e9338: ;   {static_stub}
  0x00000273eb7e9338: 48bb 0000 | 0000 0000 

  0x00000273eb7e9340: ;   {runtime_call nmethod}
  0x00000273eb7e9340: 0000 e9fb 

  0x00000273eb7e9344: ;   {runtime_call handle_exception_from_callee Runtime1 stub}
  0x00000273eb7e9344: ffff ffe8 | 14e7 4907 

  0x00000273eb7e934c: ;   {external_word}
  0x00000273eb7e934c: 48b9 40d5 | f8d7 fb7f | 0000 4883 

  0x00000273eb7e9358: ;   {runtime_call}
  0x00000273eb7e9358: e4f0 48b8 | 704a bfd7 | fb7f 0000 

  0x00000273eb7e9364: ;   {section_word}
  0x00000273eb7e9364: ffd0 f449 | ba67 937e | eb73 0200 

  0x00000273eb7e9370: ;   {runtime_call DeoptimizationBlob}
  0x00000273eb7e9370: 0041 52e9 | 88e8 3a07 
[/MachCode]


---------------  P R O C E S S  ---------------

Threads class SMR info:
_java_thread_list=0x00000273c66823e0, length=16, elements={
0x00000273ffa275f0, 0x00000273ffa28d80, 0x00000273ffa2d460, 0x00000273ffa2dfb0,
0x00000273ffa2eb00, 0x00000273ffa2f650, 0x00000273ffa31040, 0x00000273ffa383a0,
0x00000273c5034340, 0x00000273c503d1f0, 0x00000273c52f52d0, 0x00000273c52f5940,
0x00000273c5305920, 0x00000273c6780080, 0x00000273e0c9c590, 0x00000273c6c4faf0
}

Java Threads: ( => current thread )
  0x00000273ffa275f0 JavaThread "Reference Handler"          daemon [_thread_blocked, id=1852, stack(0x0000007940500000,0x0000007940600000) (1024K)]
  0x00000273ffa28d80 JavaThread "Finalizer"                  daemon [_thread_blocked, id=2688, stack(0x0000007940600000,0x0000007940700000) (1024K)]
  0x00000273ffa2d460 JavaThread "Signal Dispatcher"          daemon [_thread_blocked, id=16816, stack(0x0000007940700000,0x0000007940800000) (1024K)]
  0x00000273ffa2dfb0 JavaThread "Attach Listener"            daemon [_thread_blocked, id=15996, stack(0x0000007940800000,0x0000007940900000) (1024K)]
  0x00000273ffa2eb00 JavaThread "Service Thread"             daemon [_thread_blocked, id=16288, stack(0x0000007940900000,0x0000007940a00000) (1024K)]
  0x00000273ffa2f650 JavaThread "Monitor Deflation Thread"   daemon [_thread_blocked, id=8788, stack(0x0000007940a00000,0x0000007940b00000) (1024K)]
  0x00000273ffa31040 JavaThread "C2 CompilerThread0"         daemon [_thread_blocked, id=18408, stack(0x0000007940b00000,0x0000007940c00000) (1024K)]
  0x00000273ffa383a0 JavaThread "C1 CompilerThread0"         daemon [_thread_blocked, id=7080, stack(0x0000007940c00000,0x0000007940d00000) (1024K)]
  0x00000273c5034340 JavaThread "Notification Thread"        daemon [_thread_blocked, id=7472, stack(0x0000007940d00000,0x0000007940e00000) (1024K)]
  0x00000273c503d1f0 JavaThread "Common-Cleaner"             daemon [_thread_blocked, id=3088, stack(0x0000007940e00000,0x0000007940f00000) (1024K)]
  0x00000273c52f52d0 JavaThread "Java2D Disposer"            daemon [_thread_blocked, id=6796, stack(0x0000007940f00000,0x0000007941000000) (1024K)]
  0x00000273c52f5940 JavaThread "AWT-Shutdown"                      [_thread_blocked, id=13532, stack(0x0000007941000000,0x0000007941100000) (1024K)]
  0x00000273c5305920 JavaThread "AWT-Windows"                daemon [_thread_in_native, id=9172, stack(0x0000007941100000,0x0000007941200000) (1024K)]
=>0x00000273c6780080 JavaThread "AWT-EventQueue-0"                  [_thread_in_native, id=11000, stack(0x0000007941500000,0x0000007941600000) (1024K)]
  0x00000273e0c9c590 JavaThread "DestroyJavaVM"                     [_thread_blocked, id=9740, stack(0x000000793fd00000,0x000000793fe00000) (1024K)]
  0x00000273c6c4faf0 JavaThread "TimerQueue"                 daemon [_thread_blocked, id=9100, stack(0x0000007941900000,0x0000007941a00000) (1024K)]
Total: 16

Other Threads:
  0x00000273ffa07420 VMThread "VM Thread"                           [id=9948, stack(0x0000007940400000,0x0000007940500000) (1024K)]
  0x00000273ff9f4a60 WatcherThread "VM Periodic Task Thread"        [id=8336, stack(0x0000007940300000,0x0000007940400000) (1024K)]
  0x00000273e2f31df0 WorkerThread "GC Thread#0"                     [id=17396, stack(0x000000793fe00000,0x000000793ff00000) (1024K)]
  0x00000273e2f47450 ConcurrentGCThread "G1 Main Marker"            [id=1460, stack(0x000000793ff00000,0x0000007940000000) (1024K)]
  0x00000273e2f47f60 WorkerThread "G1 Conc#0"                       [id=5348, stack(0x0000007940000000,0x0000007940100000) (1024K)]
  0x00000273ff8c2170 ConcurrentGCThread "G1 Refine#0"               [id=9700, stack(0x0000007940100000,0x0000007940200000) (1024K)]
  0x00000273ff8c2b00 ConcurrentGCThread "G1 Service"                [id=15752, stack(0x0000007940200000,0x0000007940300000) (1024K)]
Total: 7

Threads with active compile tasks:
Total: 0

VM state: not at safepoint (normal execution)

VM Mutex/Monitor currently owned by a thread: None

Heap address: 0x0000000084000000, size: 1984 MB, Compressed Oops mode: 32-bit

CDS archive(s) mapped at: [0x0000027380000000-0x0000027380d70000-0x0000027380d70000), size 14090240, SharedBaseAddress: 0x0000027380000000, ArchiveRelocationMode: 1.
Compressed class space mapped at: 0x0000027381000000-0x00000273c1000000, reserved size: 1073741824
Narrow klass base: 0x0000027380000000, Narrow klass shift: 0, Narrow klass range: 0x41000000

GC Precious Log:
 CardTable entry size: 512
 Card Set container configuration: InlinePtr #cards 5 size 8 Array Of Cards #cards 10 size 36 Howl #buckets 4 coarsen threshold 1843 Howl Bitmap #cards 512 size 80 coarsen threshold 460 Card regions per heap region 1 cards per card region 2048
 CPUs: 8 total, 8 available
 Memory: 7934M
 Large Page Support: Disabled
 NUMA Support: Disabled
 Compressed Oops: Enabled (32-bit)
 Heap Region Size: 1M
 Heap Min Capacity: 8M
 Heap Initial Capacity: 124M
 Heap Max Capacity: 1984M
 Pre-touch: Disabled
 Parallel Workers: 8
 Concurrent Workers: 2
 Concurrent Refinement Workers: 8
 Periodic GC: Disabled

Heap:
 garbage-first heap   total reserved 2031616K, committed 126976K, used 17408K [0x0000000084000000, 0x0000000100000000)
  region size 1024K, 16 young (16384K), 0 survivors (0K)
 Metaspace       used 12062K, committed 12544K, reserved 1114112K
  class space    used 1466K, committed 1664K, reserved 1048576K

Heap Regions: E=young(eden), S=young(survivor), O=old, HS=humongous(starts), HC=humongous(continues), CS=collection set, F=free, TAMS=top-at-mark-start, PB=parsable bottom
|   0|0x0000000084000000, 0x0000000084100000, 0x0000000084100000|100%|HS|  |TAMS 0x0000000084000000| PB 0x0000000084000000| Complete |  0
|   1|0x0000000084100000, 0x0000000084200000, 0x0000000084200000|100%|HC|  |TAMS 0x0000000084100000| PB 0x0000000084100000| Complete |  0
|   2|0x0000000084200000, 0x0000000084200000, 0x0000000084300000|  0%| F|  |TAMS 0x0000000084200000| PB 0x0000000084200000| Untracked |  0
|   3|0x0000000084300000, 0x0000000084300000, 0x0000000084400000|  0%| F|  |TAMS 0x0000000084300000| PB 0x0000000084300000| Untracked |  0
|   4|0x0000000084400000, 0x0000000084400000, 0x0000000084500000|  0%| F|  |TAMS 0x0000000084400000| PB 0x0000000084400000| Untracked |  0
|   5|0x0000000084500000, 0x0000000084500000, 0x0000000084600000|  0%| F|  |TAMS 0x0000000084500000| PB 0x0000000084500000| Untracked |  0
|   6|0x0000000084600000, 0x0000000084600000, 0x0000000084700000|  0%| F|  |TAMS 0x0000000084600000| PB 0x0000000084600000| Untracked |  0
|   7|0x0000000084700000, 0x0000000084700000, 0x0000000084800000|  0%| F|  |TAMS 0x0000000084700000| PB 0x0000000084700000| Untracked |  0
|   8|0x0000000084800000, 0x0000000084800000, 0x0000000084900000|  0%| F|  |TAMS 0x0000000084800000| PB 0x0000000084800000| Untracked |  0
|   9|0x0000000084900000, 0x0000000084900000, 0x0000000084a00000|  0%| F|  |TAMS 0x0000000084900000| PB 0x0000000084900000| Untracked |  0
|  10|0x0000000084a00000, 0x0000000084a00000, 0x0000000084b00000|  0%| F|  |TAMS 0x0000000084a00000| PB 0x0000000084a00000| Untracked |  0
|  11|0x0000000084b00000, 0x0000000084b00000, 0x0000000084c00000|  0%| F|  |TAMS 0x0000000084b00000| PB 0x0000000084b00000| Untracked |  0
|  12|0x0000000084c00000, 0x0000000084c00000, 0x0000000084d00000|  0%| F|  |TAMS 0x0000000084c00000| PB 0x0000000084c00000| Untracked |  0
|  13|0x0000000084d00000, 0x0000000084d00000, 0x0000000084e00000|  0%| F|  |TAMS 0x0000000084d00000| PB 0x0000000084d00000| Untracked |  0
|  14|0x0000000084e00000, 0x0000000084e00000, 0x0000000084f00000|  0%| F|  |TAMS 0x0000000084e00000| PB 0x0000000084e00000| Untracked |  0
|  15|0x0000000084f00000, 0x0000000084f00000, 0x0000000085000000|  0%| F|  |TAMS 0x0000000084f00000| PB 0x0000000084f00000| Untracked |  0
|  16|0x0000000085000000, 0x0000000085000000, 0x0000000085100000|  0%| F|  |TAMS 0x0000000085000000| PB 0x0000000085000000| Untracked |  0
|  17|0x0000000085100000, 0x0000000085100000, 0x0000000085200000|  0%| F|  |TAMS 0x0000000085100000| PB 0x0000000085100000| Untracked |  0
|  18|0x0000000085200000, 0x0000000085200000, 0x0000000085300000|  0%| F|  |TAMS 0x0000000085200000| PB 0x0000000085200000| Untracked |  0
|  19|0x0000000085300000, 0x0000000085300000, 0x0000000085400000|  0%| F|  |TAMS 0x0000000085300000| PB 0x0000000085300000| Untracked |  0
|  20|0x0000000085400000, 0x0000000085400000, 0x0000000085500000|  0%| F|  |TAMS 0x0000000085400000| PB 0x0000000085400000| Untracked |  0
|  21|0x0000000085500000, 0x0000000085500000, 0x0000000085600000|  0%| F|  |TAMS 0x0000000085500000| PB 0x0000000085500000| Untracked |  0
|  22|0x0000000085600000, 0x0000000085600000, 0x0000000085700000|  0%| F|  |TAMS 0x0000000085600000| PB 0x0000000085600000| Untracked |  0
|  23|0x0000000085700000, 0x0000000085700000, 0x0000000085800000|  0%| F|  |TAMS 0x0000000085700000| PB 0x0000000085700000| Untracked |  0
|  24|0x0000000085800000, 0x0000000085800000, 0x0000000085900000|  0%| F|  |TAMS 0x0000000085800000| PB 0x0000000085800000| Untracked |  0
|  25|0x0000000085900000, 0x0000000085900000, 0x0000000085a00000|  0%| F|  |TAMS 0x0000000085900000| PB 0x0000000085900000| Untracked |  0
|  26|0x0000000085a00000, 0x0000000085a00000, 0x0000000085b00000|  0%| F|  |TAMS 0x0000000085a00000| PB 0x0000000085a00000| Untracked |  0
|  27|0x0000000085b00000, 0x0000000085b00000, 0x0000000085c00000|  0%| F|  |TAMS 0x0000000085b00000| PB 0x0000000085b00000| Untracked |  0
|  28|0x0000000085c00000, 0x0000000085c00000, 0x0000000085d00000|  0%| F|  |TAMS 0x0000000085c00000| PB 0x0000000085c00000| Untracked |  0
|  29|0x0000000085d00000, 0x0000000085d00000, 0x0000000085e00000|  0%| F|  |TAMS 0x0000000085d00000| PB 0x0000000085d00000| Untracked |  0
|  30|0x0000000085e00000, 0x0000000085e00000, 0x0000000085f00000|  0%| F|  |TAMS 0x0000000085e00000| PB 0x0000000085e00000| Untracked |  0
|  31|0x0000000085f00000, 0x0000000085f00000, 0x0000000086000000|  0%| F|  |TAMS 0x0000000085f00000| PB 0x0000000085f00000| Untracked |  0
|  32|0x0000000086000000, 0x0000000086000000, 0x0000000086100000|  0%| F|  |TAMS 0x0000000086000000| PB 0x0000000086000000| Untracked |  0
|  33|0x0000000086100000, 0x0000000086100000, 0x0000000086200000|  0%| F|  |TAMS 0x0000000086100000| PB 0x0000000086100000| Untracked |  0
|  34|0x0000000086200000, 0x0000000086200000, 0x0000000086300000|  0%| F|  |TAMS 0x0000000086200000| PB 0x0000000086200000| Untracked |  0
|  35|0x0000000086300000, 0x0000000086300000, 0x0000000086400000|  0%| F|  |TAMS 0x0000000086300000| PB 0x0000000086300000| Untracked |  0
|  36|0x0000000086400000, 0x0000000086400000, 0x0000000086500000|  0%| F|  |TAMS 0x0000000086400000| PB 0x0000000086400000| Untracked |  0
|  37|0x0000000086500000, 0x0000000086500000, 0x0000000086600000|  0%| F|  |TAMS 0x0000000086500000| PB 0x0000000086500000| Untracked |  0
|  38|0x0000000086600000, 0x0000000086600000, 0x0000000086700000|  0%| F|  |TAMS 0x0000000086600000| PB 0x0000000086600000| Untracked |  0
|  39|0x0000000086700000, 0x0000000086700000, 0x0000000086800000|  0%| F|  |TAMS 0x0000000086700000| PB 0x0000000086700000| Untracked |  0
|  40|0x0000000086800000, 0x0000000086800000, 0x0000000086900000|  0%| F|  |TAMS 0x0000000086800000| PB 0x0000000086800000| Untracked |  0
|  41|0x0000000086900000, 0x0000000086900000, 0x0000000086a00000|  0%| F|  |TAMS 0x0000000086900000| PB 0x0000000086900000| Untracked |  0
|  42|0x0000000086a00000, 0x0000000086a00000, 0x0000000086b00000|  0%| F|  |TAMS 0x0000000086a00000| PB 0x0000000086a00000| Untracked |  0
|  43|0x0000000086b00000, 0x0000000086b00000, 0x0000000086c00000|  0%| F|  |TAMS 0x0000000086b00000| PB 0x0000000086b00000| Untracked |  0
|  44|0x0000000086c00000, 0x0000000086c00000, 0x0000000086d00000|  0%| F|  |TAMS 0x0000000086c00000| PB 0x0000000086c00000| Untracked |  0
|  45|0x0000000086d00000, 0x0000000086d00000, 0x0000000086e00000|  0%| F|  |TAMS 0x0000000086d00000| PB 0x0000000086d00000| Untracked |  0
|  46|0x0000000086e00000, 0x0000000086e00000, 0x0000000086f00000|  0%| F|  |TAMS 0x0000000086e00000| PB 0x0000000086e00000| Untracked |  0
|  47|0x0000000086f00000, 0x0000000086f00000, 0x0000000087000000|  0%| F|  |TAMS 0x0000000086f00000| PB 0x0000000086f00000| Untracked |  0
|  48|0x0000000087000000, 0x0000000087000000, 0x0000000087100000|  0%| F|  |TAMS 0x0000000087000000| PB 0x0000000087000000| Untracked |  0
|  49|0x0000000087100000, 0x0000000087100000, 0x0000000087200000|  0%| F|  |TAMS 0x0000000087100000| PB 0x0000000087100000| Untracked |  0
|  50|0x0000000087200000, 0x0000000087200000, 0x0000000087300000|  0%| F|  |TAMS 0x0000000087200000| PB 0x0000000087200000| Untracked |  0
|  51|0x0000000087300000, 0x0000000087300000, 0x0000000087400000|  0%| F|  |TAMS 0x0000000087300000| PB 0x0000000087300000| Untracked |  0
|  52|0x0000000087400000, 0x0000000087400000, 0x0000000087500000|  0%| F|  |TAMS 0x0000000087400000| PB 0x0000000087400000| Untracked |  0
|  53|0x0000000087500000, 0x0000000087500000, 0x0000000087600000|  0%| F|  |TAMS 0x0000000087500000| PB 0x0000000087500000| Untracked |  0
|  54|0x0000000087600000, 0x0000000087600000, 0x0000000087700000|  0%| F|  |TAMS 0x0000000087600000| PB 0x0000000087600000| Untracked |  0
|  55|0x0000000087700000, 0x0000000087700000, 0x0000000087800000|  0%| F|  |TAMS 0x0000000087700000| PB 0x0000000087700000| Untracked |  0
|  56|0x0000000087800000, 0x0000000087800000, 0x0000000087900000|  0%| F|  |TAMS 0x0000000087800000| PB 0x0000000087800000| Untracked |  0
|  57|0x0000000087900000, 0x0000000087900000, 0x0000000087a00000|  0%| F|  |TAMS 0x0000000087900000| PB 0x0000000087900000| Untracked |  0
|  58|0x0000000087a00000, 0x0000000087a00000, 0x0000000087b00000|  0%| F|  |TAMS 0x0000000087a00000| PB 0x0000000087a00000| Untracked |  0
|  59|0x0000000087b00000, 0x0000000087b00000, 0x0000000087c00000|  0%| F|  |TAMS 0x0000000087b00000| PB 0x0000000087b00000| Untracked |  0
|  60|0x0000000087c00000, 0x0000000087c00000, 0x0000000087d00000|  0%| F|  |TAMS 0x0000000087c00000| PB 0x0000000087c00000| Untracked |  0
|  61|0x0000000087d00000, 0x0000000087d00000, 0x0000000087e00000|  0%| F|  |TAMS 0x0000000087d00000| PB 0x0000000087d00000| Untracked |  0
|  62|0x0000000087e00000, 0x0000000087e00000, 0x0000000087f00000|  0%| F|  |TAMS 0x0000000087e00000| PB 0x0000000087e00000| Untracked |  0
|  63|0x0000000087f00000, 0x0000000087f00000, 0x0000000088000000|  0%| F|  |TAMS 0x0000000087f00000| PB 0x0000000087f00000| Untracked |  0
|  64|0x0000000088000000, 0x0000000088000000, 0x0000000088100000|  0%| F|  |TAMS 0x0000000088000000| PB 0x0000000088000000| Untracked |  0
|  65|0x0000000088100000, 0x0000000088100000, 0x0000000088200000|  0%| F|  |TAMS 0x0000000088100000| PB 0x0000000088100000| Untracked |  0
|  66|0x0000000088200000, 0x0000000088200000, 0x0000000088300000|  0%| F|  |TAMS 0x0000000088200000| PB 0x0000000088200000| Untracked |  0
|  67|0x0000000088300000, 0x0000000088300000, 0x0000000088400000|  0%| F|  |TAMS 0x0000000088300000| PB 0x0000000088300000| Untracked |  0
|  68|0x0000000088400000, 0x0000000088400000, 0x0000000088500000|  0%| F|  |TAMS 0x0000000088400000| PB 0x0000000088400000| Untracked |  0
|  69|0x0000000088500000, 0x0000000088500000, 0x0000000088600000|  0%| F|  |TAMS 0x0000000088500000| PB 0x0000000088500000| Untracked |  0
|  70|0x0000000088600000, 0x0000000088600000, 0x0000000088700000|  0%| F|  |TAMS 0x0000000088600000| PB 0x0000000088600000| Untracked |  0
|  71|0x0000000088700000, 0x0000000088700000, 0x0000000088800000|  0%| F|  |TAMS 0x0000000088700000| PB 0x0000000088700000| Untracked |  0
|  72|0x0000000088800000, 0x0000000088800000, 0x0000000088900000|  0%| F|  |TAMS 0x0000000088800000| PB 0x0000000088800000| Untracked |  0
|  73|0x0000000088900000, 0x0000000088900000, 0x0000000088a00000|  0%| F|  |TAMS 0x0000000088900000| PB 0x0000000088900000| Untracked |  0
|  74|0x0000000088a00000, 0x0000000088a00000, 0x0000000088b00000|  0%| F|  |TAMS 0x0000000088a00000| PB 0x0000000088a00000| Untracked |  0
|  75|0x0000000088b00000, 0x0000000088b00000, 0x0000000088c00000|  0%| F|  |TAMS 0x0000000088b00000| PB 0x0000000088b00000| Untracked |  0
|  76|0x0000000088c00000, 0x0000000088c00000, 0x0000000088d00000|  0%| F|  |TAMS 0x0000000088c00000| PB 0x0000000088c00000| Untracked |  0
|  77|0x0000000088d00000, 0x0000000088d00000, 0x0000000088e00000|  0%| F|  |TAMS 0x0000000088d00000| PB 0x0000000088d00000| Untracked |  0
|  78|0x0000000088e00000, 0x0000000088e00000, 0x0000000088f00000|  0%| F|  |TAMS 0x0000000088e00000| PB 0x0000000088e00000| Untracked |  0
|  79|0x0000000088f00000, 0x0000000088f00000, 0x0000000089000000|  0%| F|  |TAMS 0x0000000088f00000| PB 0x0000000088f00000| Untracked |  0
|  80|0x0000000089000000, 0x0000000089000000, 0x0000000089100000|  0%| F|  |TAMS 0x0000000089000000| PB 0x0000000089000000| Untracked |  0
|  81|0x0000000089100000, 0x0000000089100000, 0x0000000089200000|  0%| F|  |TAMS 0x0000000089100000| PB 0x0000000089100000| Untracked |  0
|  82|0x0000000089200000, 0x0000000089200000, 0x0000000089300000|  0%| F|  |TAMS 0x0000000089200000| PB 0x0000000089200000| Untracked |  0
|  83|0x0000000089300000, 0x0000000089300000, 0x0000000089400000|  0%| F|  |TAMS 0x0000000089300000| PB 0x0000000089300000| Untracked |  0
|  84|0x0000000089400000, 0x0000000089400000, 0x0000000089500000|  0%| F|  |TAMS 0x0000000089400000| PB 0x0000000089400000| Untracked |  0
|  85|0x0000000089500000, 0x0000000089500000, 0x0000000089600000|  0%| F|  |TAMS 0x0000000089500000| PB 0x0000000089500000| Untracked |  0
|  86|0x0000000089600000, 0x0000000089600000, 0x0000000089700000|  0%| F|  |TAMS 0x0000000089600000| PB 0x0000000089600000| Untracked |  0
|  87|0x0000000089700000, 0x0000000089700000, 0x0000000089800000|  0%| F|  |TAMS 0x0000000089700000| PB 0x0000000089700000| Untracked |  0
|  88|0x0000000089800000, 0x0000000089800000, 0x0000000089900000|  0%| F|  |TAMS 0x0000000089800000| PB 0x0000000089800000| Untracked |  0
|  89|0x0000000089900000, 0x0000000089900000, 0x0000000089a00000|  0%| F|  |TAMS 0x0000000089900000| PB 0x0000000089900000| Untracked |  0
|  90|0x0000000089a00000, 0x0000000089a00000, 0x0000000089b00000|  0%| F|  |TAMS 0x0000000089a00000| PB 0x0000000089a00000| Untracked |  0
|  91|0x0000000089b00000, 0x0000000089b00000, 0x0000000089c00000|  0%| F|  |TAMS 0x0000000089b00000| PB 0x0000000089b00000| Untracked |  0
|  92|0x0000000089c00000, 0x0000000089c00000, 0x0000000089d00000|  0%| F|  |TAMS 0x0000000089c00000| PB 0x0000000089c00000| Untracked |  0
|  93|0x0000000089d00000, 0x0000000089d00000, 0x0000000089e00000|  0%| F|  |TAMS 0x0000000089d00000| PB 0x0000000089d00000| Untracked |  0
|  94|0x0000000089e00000, 0x0000000089e00000, 0x0000000089f00000|  0%| F|  |TAMS 0x0000000089e00000| PB 0x0000000089e00000| Untracked |  0
|  95|0x0000000089f00000, 0x0000000089f00000, 0x000000008a000000|  0%| F|  |TAMS 0x0000000089f00000| PB 0x0000000089f00000| Untracked |  0
|  96|0x000000008a000000, 0x000000008a000000, 0x000000008a100000|  0%| F|  |TAMS 0x000000008a000000| PB 0x000000008a000000| Untracked |  0
|  97|0x000000008a100000, 0x000000008a100000, 0x000000008a200000|  0%| F|  |TAMS 0x000000008a100000| PB 0x000000008a100000| Untracked |  0
|  98|0x000000008a200000, 0x000000008a200000, 0x000000008a300000|  0%| F|  |TAMS 0x000000008a200000| PB 0x000000008a200000| Untracked |  0
|  99|0x000000008a300000, 0x000000008a300000, 0x000000008a400000|  0%| F|  |TAMS 0x000000008a300000| PB 0x000000008a300000| Untracked |  0
| 100|0x000000008a400000, 0x000000008a400000, 0x000000008a500000|  0%| F|  |TAMS 0x000000008a400000| PB 0x000000008a400000| Untracked |  0
| 101|0x000000008a500000, 0x000000008a500000, 0x000000008a600000|  0%| F|  |TAMS 0x000000008a500000| PB 0x000000008a500000| Untracked |  0
| 102|0x000000008a600000, 0x000000008a600000, 0x000000008a700000|  0%| F|  |TAMS 0x000000008a600000| PB 0x000000008a600000| Untracked |  0
| 103|0x000000008a700000, 0x000000008a700000, 0x000000008a800000|  0%| F|  |TAMS 0x000000008a700000| PB 0x000000008a700000| Untracked |  0
| 104|0x000000008a800000, 0x000000008a800000, 0x000000008a900000|  0%| F|  |TAMS 0x000000008a800000| PB 0x000000008a800000| Untracked |  0
| 105|0x000000008a900000, 0x000000008a900000, 0x000000008aa00000|  0%| F|  |TAMS 0x000000008a900000| PB 0x000000008a900000| Untracked |  0
| 106|0x000000008aa00000, 0x000000008aa00000, 0x000000008ab00000|  0%| F|  |TAMS 0x000000008aa00000| PB 0x000000008aa00000| Untracked |  0
| 107|0x000000008ab00000, 0x000000008ab00000, 0x000000008ac00000|  0%| F|  |TAMS 0x000000008ab00000| PB 0x000000008ab00000| Untracked |  0
| 108|0x000000008ac00000, 0x000000008acf5c60, 0x000000008ad00000| 96%| E|  |TAMS 0x000000008ac00000| PB 0x000000008ac00000| Complete |  0
| 109|0x000000008ad00000, 0x000000008ae00000, 0x000000008ae00000|100%| E|CS|TAMS 0x000000008ad00000| PB 0x000000008ad00000| Complete |  0
| 110|0x000000008ae00000, 0x000000008af00000, 0x000000008af00000|100%| E|CS|TAMS 0x000000008ae00000| PB 0x000000008ae00000| Complete |  0
| 111|0x000000008af00000, 0x000000008b000000, 0x000000008b000000|100%| E|CS|TAMS 0x000000008af00000| PB 0x000000008af00000| Complete |  0
| 112|0x000000008b000000, 0x000000008b100000, 0x000000008b100000|100%| E|CS|TAMS 0x000000008b000000| PB 0x000000008b000000| Complete |  0
| 113|0x000000008b100000, 0x000000008b200000, 0x000000008b200000|100%| E|CS|TAMS 0x000000008b100000| PB 0x000000008b100000| Complete |  0
| 114|0x000000008b200000, 0x000000008b300000, 0x000000008b300000|100%| E|CS|TAMS 0x000000008b200000| PB 0x000000008b200000| Complete |  0
| 115|0x000000008b300000, 0x000000008b400000, 0x000000008b400000|100%| E|CS|TAMS 0x000000008b300000| PB 0x000000008b300000| Complete |  0
| 116|0x000000008b400000, 0x000000008b500000, 0x000000008b500000|100%| E|CS|TAMS 0x000000008b400000| PB 0x000000008b400000| Complete |  0
| 117|0x000000008b500000, 0x000000008b600000, 0x000000008b600000|100%| E|CS|TAMS 0x000000008b500000| PB 0x000000008b500000| Complete |  0
| 118|0x000000008b600000, 0x000000008b700000, 0x000000008b700000|100%| E|CS|TAMS 0x000000008b600000| PB 0x000000008b600000| Complete |  0
| 119|0x000000008b700000, 0x000000008b800000, 0x000000008b800000|100%| E|CS|TAMS 0x000000008b700000| PB 0x000000008b700000| Complete |  0
| 120|0x000000008b800000, 0x000000008b900000, 0x000000008b900000|100%| E|CS|TAMS 0x000000008b800000| PB 0x000000008b800000| Complete |  0
| 121|0x000000008b900000, 0x000000008ba00000, 0x000000008ba00000|100%| E|CS|TAMS 0x000000008b900000| PB 0x000000008b900000| Complete |  0
| 122|0x000000008ba00000, 0x000000008bb00000, 0x000000008bb00000|100%| E|CS|TAMS 0x000000008ba00000| PB 0x000000008ba00000| Complete |  0
| 123|0x000000008bb00000, 0x000000008bc00000, 0x000000008bc00000|100%| E|CS|TAMS 0x000000008bb00000| PB 0x000000008bb00000| Complete |  0

Card table byte_map: [0x00000273fad20000,0x00000273fb100000] _byte_map_base: 0x00000273fa900000

Marking Bits: (CMBitMap*) 0x00000273e2f32500
 Bits: [0x00000273fb100000, 0x00000273fd000000)

Polling page: 0x00000273e2540000

Metaspace:

Usage:
  Non-class:     10.35 MB used.
      Class:      1.43 MB used.
       Both:     11.78 MB used.

Virtual space:
  Non-class space:       64.00 MB reserved,      10.62 MB ( 17%) committed,  1 nodes.
      Class space:        1.00 GB reserved,       1.62 MB ( <1%) committed,  1 nodes.
             Both:        1.06 GB reserved,      12.25 MB (  1%) committed. 

Chunk freelists:
   Non-Class:  5.00 MB
       Class:  14.21 MB
        Both:  19.21 MB

MaxMetaspaceSize: unlimited
CompressedClassSpaceSize: 1.00 GB
Initial GC threshold: 21.00 MB
Current GC threshold: 21.00 MB
CDS: on
 - commit_granule_bytes: 65536.
 - commit_granule_words: 8192.
 - virtual_space_node_default_size: 8388608.
 - enlarge_chunks_in_place: 1.
 - use_allocation_guard: 0.


Internal statistics:

num_allocs_failed_limit: 0.
num_arena_births: 684.
num_arena_deaths: 0.
num_vsnodes_births: 2.
num_vsnodes_deaths: 0.
num_space_committed: 196.
num_space_uncommitted: 0.
num_chunks_returned_to_freelist: 0.
num_chunks_taken_from_freelist: 845.
num_chunk_merges: 0.
num_chunk_splits: 515.
num_chunks_enlarged: 205.
num_inconsistent_stats: 0.

CodeHeap 'non-profiled nmethods': size=120064Kb used=593Kb max_used=593Kb free=119470Kb
 bounds [0x00000273f30d0000, 0x00000273f3340000, 0x00000273fa610000]
CodeHeap 'profiled nmethods': size=120000Kb used=2352Kb max_used=2352Kb free=117647Kb
 bounds [0x00000273eb610000, 0x00000273eb880000, 0x00000273f2b40000]
CodeHeap 'non-nmethods': size=5696Kb used=1889Kb max_used=1926Kb free=3806Kb
 bounds [0x00000273f2b40000, 0x00000273f2db0000, 0x00000273f30d0000]
CodeCache: size=245760Kb, used=4834Kb, max_used=4871Kb, free=240923Kb
 total_blobs=2596, nmethods=1829, adapters=660, full_count=0
Compilation: enabled, stopped_count=0, restarted_count=0

Compilation events (20 events):
Event: 14.922 Thread 0x00000273ffa383a0 1820       3       javax.swing.text.SegmentCache::getSharedInstance (4 bytes)
Event: 14.922 Thread 0x00000273ffa383a0 nmethod 1820 0x00000273eb859388 code [0x00000273eb8594a0, 0x00000273eb859598]
Event: 14.922 Thread 0x00000273ffa383a0 1821       1       java.awt.BasicStroke::getLineWidth (5 bytes)
Event: 14.922 Thread 0x00000273ffa383a0 nmethod 1821 0x00000273f3164188 code [0x00000273f31642a0, 0x00000273f3164368]
Event: 14.922 Thread 0x00000273ffa383a0 1822       3       java.awt.Rectangle::getBounds (24 bytes)
Event: 14.922 Thread 0x00000273ffa383a0 nmethod 1822 0x00000273eb859688 code [0x00000273eb8597c0, 0x00000273eb859ae0]
Event: 15.422 Thread 0x00000273ffa383a0 1823       3       javax.swing.RepaintManager::getDelegate (14 bytes)
Event: 15.422 Thread 0x00000273ffa383a0 nmethod 1823 0x00000273eb859b88 code [0x00000273eb859ca0, 0x00000273eb859e18]
Event: 15.422 Thread 0x00000273ffa383a0 1824       3       com.sun.java.swing.SwingUtilities3::getDelegateRepaintManager (73 bytes)
Event: 15.423 Thread 0x00000273ffa383a0 nmethod 1824 0x00000273eb859e88 code [0x00000273eb85a060, 0x00000273eb85ad88]
Event: 15.922 Thread 0x00000273ffa383a0 1825       3       java.awt.Rectangle::setLocation (7 bytes)
Event: 15.923 Thread 0x00000273ffa383a0 nmethod 1825 0x00000273eb85ae08 code [0x00000273eb85af20, 0x00000273eb85b110]
Event: 15.923 Thread 0x00000273ffa383a0 1826       3       java.awt.Rectangle::move (11 bytes)
Event: 15.923 Thread 0x00000273ffa383a0 nmethod 1826 0x00000273eb85b188 code [0x00000273eb85b2a0, 0x00000273eb85b3b0]
Event: 15.923 Thread 0x00000273ffa383a0 1827       3       javax.swing.JComponent::isDoubleBuffered (6 bytes)
Event: 15.923 Thread 0x00000273ffa383a0 nmethod 1827 0x00000273eb85b488 code [0x00000273eb85b5a0, 0x00000273eb85b768]
Event: 15.923 Thread 0x00000273ffa383a0 1828       3       sun.swing.SwingUtilities2$KeyPair::equals (48 bytes)
Event: 15.923 Thread 0x00000273ffa383a0 nmethod 1828 0x00000273eb85b788 code [0x00000273eb85b8e0, 0x00000273eb85be18]
Event: 15.923 Thread 0x00000273ffa383a0 1829       3       sun.awt.SunHints$Value::equals (11 bytes)
Event: 15.923 Thread 0x00000273ffa383a0 nmethod 1829 0x00000273eb85be88 code [0x00000273eb85bfa0, 0x00000273eb85c0f8]

GC Heap History (0 events):
No events

Dll operation events (11 events):
Event: 0.021 Loaded shared library C:\Program Files\Java\jdk-23\bin\java.dll
Event: 0.142 Loaded shared library C:\Program Files\Java\jdk-23\bin\jimage.dll
Event: 0.158 Loaded shared library C:\Program Files\Java\jdk-23\bin\jsvml.dll
Event: 0.167 Loaded shared library C:\Program Files\Java\jdk-23\bin\awt.dll
Event: 0.423 Loaded shared library C:\Program Files\Java\jdk-23\bin\freetype.dll
Event: 0.424 Loaded shared library C:\Program Files\Java\jdk-23\bin\fontmanager.dll
Event: 0.442 Loaded shared library C:\Program Files\Java\jdk-23\bin\net.dll
Event: 0.444 Loaded shared library C:\Program Files\Java\jdk-23\bin\nio.dll
Event: 0.483 Loaded shared library C:\Program Files\Java\jdk-23\bin\zip.dll
Event: 0.743 Loaded shared library C:\Windows\System32\ucrtbase.dll
Event: 0.745 Loaded shared library C:\Program Files\Java\jdk-23\bin\syslookup.dll

Deoptimization events (20 events):
Event: 0.527 Thread 0x00000273c53e55f0 DEOPT PACKING pc=0x00000273eb6ac8de sp=0x00000079413ff4b0
Event: 0.527 Thread 0x00000273c53e55f0 DEOPT UNPACKING pc=0x00000273f2b984c2 sp=0x00000079413fe950 mode 0
Event: 0.528 Thread 0x00000273c53e55f0 DEOPT PACKING pc=0x00000273eb6ac8de sp=0x00000079413ff4b0
Event: 0.528 Thread 0x00000273c53e55f0 DEOPT UNPACKING pc=0x00000273f2b984c2 sp=0x00000079413fe950 mode 0
Event: 0.530 Thread 0x00000273c53cc890 DEOPT PACKING pc=0x00000273eb6ac8de sp=0x00000079412ff030
Event: 0.530 Thread 0x00000273c53cc890 DEOPT UNPACKING pc=0x00000273f2b984c2 sp=0x00000079412fe4a0 mode 0
Event: 0.531 Thread 0x00000273c53cc890 DEOPT PACKING pc=0x00000273eb6ac8de sp=0x00000079412ff030
Event: 0.531 Thread 0x00000273c53cc890 DEOPT UNPACKING pc=0x00000273f2b984c2 sp=0x00000079412fe4a0 mode 0
Event: 0.532 Thread 0x00000273c53cc890 DEOPT PACKING pc=0x00000273eb6ac8de sp=0x00000079412ff030
Event: 0.532 Thread 0x00000273c53cc890 DEOPT UNPACKING pc=0x00000273f2b984c2 sp=0x00000079412fe4a0 mode 0
Event: 0.533 Thread 0x00000273c53cc890 DEOPT PACKING pc=0x00000273eb6ac8de sp=0x00000079412ff030
Event: 0.533 Thread 0x00000273c53cc890 DEOPT UNPACKING pc=0x00000273f2b984c2 sp=0x00000079412fe4a0 mode 0
Event: 0.856 Thread 0x00000273e0c9c590 Uncommon trap: trap_request=0xffffff45 fr.pc=0x00000273f30fa498 relative=0x00000000000000f8
Event: 0.856 Thread 0x00000273e0c9c590 Uncommon trap: reason=unstable_if action=reinterpret pc=0x00000273f30fa498 method=jdk.internal.org.objectweb.asm.ByteVector.putShort(I)Ljdk/internal/org/objectweb/asm/ByteVector; @ 13 c2
Event: 0.856 Thread 0x00000273e0c9c590 DEOPT PACKING pc=0x00000273f30fa498 sp=0x000000793fdfab40
Event: 0.856 Thread 0x00000273e0c9c590 DEOPT UNPACKING pc=0x00000273f2b97982 sp=0x000000793fdfaad8 mode 2
Event: 0.976 Thread 0x00000273e0c9c590 Uncommon trap: trap_request=0xffffff45 fr.pc=0x00000273f31383bc relative=0x000000000000011c
Event: 0.976 Thread 0x00000273e0c9c590 Uncommon trap: reason=unstable_if action=reinterpret pc=0x00000273f31383bc method=jdk.internal.org.objectweb.asm.Frame.execute(IILjdk/internal/org/objectweb/asm/Symbol;Ljdk/internal/org/objectweb/asm/SymbolTable;)V @ 1952 c2
Event: 0.976 Thread 0x00000273e0c9c590 DEOPT PACKING pc=0x00000273f31383bc sp=0x000000793fdfb4f0
Event: 0.976 Thread 0x00000273e0c9c590 DEOPT UNPACKING pc=0x00000273f2b97982 sp=0x000000793fdfb450 mode 2

Classes loaded (20 events):
Event: 1.777 Loading class java/awt/LightweightDispatcher$1
Event: 1.777 Loading class java/awt/LightweightDispatcher$1 done
Event: 1.777 Loading class java/awt/event/AWTEventListenerProxy
Event: 1.777 Loading class java/awt/event/AWTEventListenerProxy done
Event: 1.777 Loading class java/awt/Toolkit$SelectiveAWTEventListener
Event: 1.777 Loading class java/awt/Toolkit$SelectiveAWTEventListener done
Event: 1.777 Loading class java/awt/Toolkit$ToolkitEventMulticaster
Event: 1.777 Loading class java/awt/Toolkit$ToolkitEventMulticaster done
Event: 1.872 Loading class java/awt/LightweightDispatcher$2
Event: 1.872 Loading class java/awt/LightweightDispatcher$2 done
Event: 3.346 Loading class java/awt/event/MouseWheelEvent
Event: 3.346 Loading class java/awt/event/MouseWheelEvent done
Event: 5.771 Loading class javax/swing/Autoscroller
Event: 5.771 Loading class javax/swing/Autoscroller done
Event: 5.778 Loading class javax/swing/text/DefaultCaret$1
Event: 5.778 Loading class javax/swing/text/DefaultCaret$1 done
Event: 5.779 Loading class javax/swing/text/DefaultHighlighter$LayeredHighlightInfo
Event: 5.779 Loading class javax/swing/text/DefaultHighlighter$HighlightInfo
Event: 5.779 Loading class javax/swing/text/DefaultHighlighter$HighlightInfo done
Event: 5.779 Loading class javax/swing/text/DefaultHighlighter$LayeredHighlightInfo done

Classes unloaded (0 events):
No events

Classes redefined (0 events):
No events

Internal exceptions (20 events):
Event: 0.948 Thread 0x00000273e0c9c590 Exception <a 'java/lang/NoSuchMethodError'{0x000000008afc8268}: 'java.lang.Object java.lang.invoke.DirectMethodHandle$Holder.invokeSpecial(java.lang.Object, java.lang.Object, java.lang.Object, long, long)'> (0x000000008afc8268) 
thrown [s\open\src\hotspot\share\interpreter\linkResolver.cpp, line 796]
Event: 0.954 Thread 0x00000273e0c9c590 Exception <a 'java/lang/NoSuchMethodError'{0x000000008afe61d8}: 'int java.lang.invoke.DirectMethodHandle$Holder.invokeStatic(java.lang.Object, java.lang.Object, int, java.lang.Object)'> (0x000000008afe61d8) 
thrown [s\open\src\hotspot\share\interpreter\linkResolver.cpp, line 796]
Event: 0.954 Thread 0x00000273e0c9c590 Exception <a 'java/lang/NoSuchMethodError'{0x000000008afe9ff0}: 'int java.lang.invoke.DirectMethodHandle$Holder.invokeSpecial(java.lang.Object, java.lang.Object, java.lang.Object, int, java.lang.Object)'> (0x000000008afe9ff0) 
thrown [s\open\src\hotspot\share\interpreter\linkResolver.cpp, line 796]
Event: 0.954 Thread 0x00000273e0c9c590 Exception <a 'java/lang/NoSuchMethodError'{0x000000008afed7b0}: 'int java.lang.invoke.DelegatingMethodHandle$Holder.reinvoke_L(java.lang.Object, java.lang.Object, int, java.lang.Object)'> (0x000000008afed7b0) 
thrown [s\open\src\hotspot\share\interpreter\linkResolver.cpp, line 796]
Event: 0.957 Thread 0x00000273e0c9c590 Exception <a 'java/lang/NoSuchMethodError'{0x000000008ae065d8}: 'int java.lang.invoke.DelegatingMethodHandle$Holder.reinvoke_L(java.lang.Object, java.lang.Object, int, long)'> (0x000000008ae065d8) 
thrown [s\open\src\hotspot\share\interpreter\linkResolver.cpp, line 796]
Event: 0.957 Thread 0x00000273e0c9c590 Exception <a 'java/lang/NoSuchMethodError'{0x000000008ae0d2a8}: 'int java.lang.invoke.DirectMethodHandle$Holder.invokeSpecial(java.lang.Object, java.lang.Object, int, long)'> (0x000000008ae0d2a8) 
thrown [s\open\src\hotspot\share\interpreter\linkResolver.cpp, line 796]
Event: 0.958 Thread 0x00000273e0c9c590 Exception <a 'java/lang/NoSuchMethodError'{0x000000008ae10898}: 'int java.lang.invoke.Invokers$Holder.exactInvoker(java.lang.Object, java.lang.Object, int, long)'> (0x000000008ae10898) 
thrown [s\open\src\hotspot\share\interpreter\linkResolver.cpp, line 796]
Event: 0.958 Thread 0x00000273e0c9c590 Exception <a 'java/lang/NoSuchMethodError'{0x000000008ae14420}: 'int java.lang.invoke.DelegatingMethodHandle$Holder.delegate(java.lang.Object, java.lang.Object, int, long)'> (0x000000008ae14420) 
thrown [s\open\src\hotspot\share\interpreter\linkResolver.cpp, line 796]
Event: 0.962 Thread 0x00000273e0c9c590 Exception <a 'java/lang/NoSuchMethodError'{0x000000008ae340c8}: 'void java.lang.invoke.DirectMethodHandle$Holder.invokeSpecial(java.lang.Object, java.lang.Object, float, java.lang.Object, java.lang.Object, java.lang.Object, int, int, int, int, int, float, float, int, int, java.lang.Object, java.lang.Object)'> (0x000000008ae340c8) 
thrown [s\open\src\hotspot\share\interpreter\linkResolver.cpp, line 796]
Event: 0.964 Thread 0x00000273e0c9c590 Exception <a 'java/lang/NoSuchMethodError'{0x000000008ae440c8}: 'int java.lang.invoke.DirectMethodHandle$Holder.invokeSpecial(java.lang.Object, java.lang.Object, int, java.lang.Object)'> (0x000000008ae440c8) 
thrown [s\open\src\hotspot\share\interpreter\linkResolver.cpp, line 796]
Event: 0.964 Thread 0x00000273e0c9c590 Exception <a 'java/lang/NoSuchMethodError'{0x000000008ae476f8}: 'int java.lang.invoke.Invokers$Holder.invokeExact_MT(java.lang.Object, int, java.lang.Object, java.lang.Object)'> (0x000000008ae476f8) 
thrown [s\open\src\hotspot\share\interpreter\linkResolver.cpp, line 796]
Event: 0.964 Thread 0x00000273e0c9c590 Exception <a 'java/lang/NoSuchMethodError'{0x000000008ae4af80}: 'java.lang.Object java.lang.invoke.Invokers$Holder.invokeExact_MT(java.lang.Object, long, java.lang.Object)'> (0x000000008ae4af80) 
thrown [s\open\src\hotspot\share\interpreter\linkResolver.cpp, line 796]
Event: 0.975 Thread 0x00000273e0c9c590 Exception <a 'java/lang/NoSuchMethodError'{0x000000008ae65198}: 'java.lang.Object java.lang.invoke.DelegatingMethodHandle$Holder.reinvoke_L(java.lang.Object, long, long, long)'> (0x000000008ae65198) 
thrown [s\open\src\hotspot\share\interpreter\linkResolver.cpp, line 796]
Event: 0.976 Thread 0x00000273e0c9c590 Exception <a 'java/lang/NoSuchMethodError'{0x000000008ae7a748}: 'java.lang.Object java.lang.invoke.DirectMethodHandle$Holder.invokeStatic(java.lang.Object, java.lang.Object, java.lang.Object, java.lang.Object, long, long)'> (0x000000008ae7a748) 
thrown [s\open\src\hotspot\share\interpreter\linkResolver.cpp, line 796]
Event: 0.979 Thread 0x00000273e0c9c590 Exception <a 'java/lang/NoSuchMethodError'{0x000000008aea5c48}: 'void java.lang.invoke.DelegatingMethodHandle$Holder.reinvoke_L(java.lang.Object, java.lang.Object, java.lang.Object, long, long)'> (0x000000008aea5c48) 
thrown [s\open\src\hotspot\share\interpreter\linkResolver.cpp, line 796]
Event: 0.980 Thread 0x00000273e0c9c590 Exception <a 'java/lang/NoSuchMethodError'{0x000000008aeb11a0}: 'void java.lang.invoke.DirectMethodHandle$Holder.invokeSpecial(java.lang.Object, java.lang.Object, java.lang.Object, long)'> (0x000000008aeb11a0) 
thrown [s\open\src\hotspot\share\interpreter\linkResolver.cpp, line 796]
Event: 0.983 Thread 0x00000273e0c9c590 Exception <a 'java/lang/NoSuchMethodError'{0x000000008aef8f18}: 'void java.lang.invoke.DelegatingMethodHandle$Holder.reinvoke_L(java.lang.Object, java.lang.Object, java.lang.Object, long, int)'> (0x000000008aef8f18) 
thrown [s\open\src\hotspot\share\interpreter\linkResolver.cpp, line 796]
Event: 0.984 Thread 0x00000273e0c9c590 Exception <a 'java/lang/NoSuchMethodError'{0x000000008ad0b888}: 'int java.lang.invoke.Invokers$Holder.invokeExact_MT(java.lang.Object, java.lang.Object, java.lang.Object, int, java.lang.Object, java.lang.Object)'> (0x000000008ad0b888) 
thrown [s\open\src\hotspot\share\interpreter\linkResolver.cpp, line 796]
Event: 0.986 Thread 0x00000273e0c9c590 Exception <a 'java/lang/NoSuchMethodError'{0x000000008ad1e8a0}: 'int java.lang.invoke.DelegatingMethodHandle$Holder.reinvoke_L(java.lang.Object, java.lang.Object, java.lang.Object, long)'> (0x000000008ad1e8a0) 
thrown [s\open\src\hotspot\share\interpreter\linkResolver.cpp, line 796]
Event: 0.988 Thread 0x00000273e0c9c590 Exception <a 'java/lang/NoSuchMethodError'{0x000000008ad3f558}: 'java.lang.Object java.lang.invoke.DirectMethodHandle$Holder.invokeStatic(java.lang.Object, java.lang.Object, java.lang.Object, java.lang.Object, java.lang.Object, java.lang.Object, java.lang.Object, long)'> (0x000000008ad3f558) 
thrown [s\open\src\hotspot\share\interpreter\linkResolver.cpp, line 796]

VM Operations (16 events):
Event: 0.357 Executing VM operation: HandshakeAllThreads (Deoptimize)
Event: 0.357 Executing VM operation: HandshakeAllThreads (Deoptimize) done
Event: 0.404 Executing VM operation: HandshakeAllThreads (Deoptimize)
Event: 0.404 Executing VM operation: HandshakeAllThreads (Deoptimize) done
Event: 0.408 Executing VM operation: HandshakeAllThreads (Deoptimize)
Event: 0.408 Executing VM operation: HandshakeAllThreads (Deoptimize) done
Event: 0.729 Executing VM operation: HandshakeAllThreads (Deoptimize)
Event: 0.729 Executing VM operation: HandshakeAllThreads (Deoptimize) done
Event: 0.738 Executing VM operation: HandshakeAllThreads (Deoptimize)
Event: 0.738 Executing VM operation: HandshakeAllThreads (Deoptimize) done
Event: 1.065 Executing VM operation: HandshakeAllThreads (Deoptimize)
Event: 1.065 Executing VM operation: HandshakeAllThreads (Deoptimize) done
Event: 60.046 Executing VM operation: HandshakeAllThreads (HandshakeForDeflation)
Event: 60.046 Executing VM operation: HandshakeAllThreads (HandshakeForDeflation) done
Event: 60.046 Executing VM operation: RendezvousGCThreads
Event: 60.046 Executing VM operation: RendezvousGCThreads done

Memory protections (0 events):
No events

Nmethod flushes (0 events):
No events

Events (20 events):
Event: 0.084 Thread 0x00000273e0c9c590 Thread added: 0x00000273ffa2dfb0
Event: 0.084 Thread 0x00000273e0c9c590 Thread added: 0x00000273ffa2eb00
Event: 0.084 Thread 0x00000273e0c9c590 Thread added: 0x00000273ffa2f650
Event: 0.084 Thread 0x00000273e0c9c590 Thread added: 0x00000273ffa31040
Event: 0.092 Thread 0x00000273e0c9c590 Thread added: 0x00000273ffa383a0
Event: 0.113 Thread 0x00000273e0c9c590 Thread added: 0x00000273c5034340
Event: 0.115 Thread 0x00000273e0c9c590 Thread added: 0x00000273c503d1f0
Event: 0.256 Thread 0x00000273e0c9c590 Thread added: 0x00000273c52f52d0
Event: 0.257 Thread 0x00000273e0c9c590 Thread added: 0x00000273c52f5940
Event: 0.274 Thread 0x00000273e0c9c590 Thread added: 0x00000273c5305920
Event: 0.469 Thread 0x00000273e0c9c590 Thread added: 0x00000273c53cc890
Event: 0.494 Thread 0x00000273e0c9c590 Thread added: 0x00000273c53e55f0
Event: 0.503 Thread 0x00000273ffa31040 Thread added: 0x00000273c5ef02f0
Event: 0.614 Thread 0x00000273e0c9c590 Thread added: 0x00000273c6780080
Event: 1.061 Thread 0x00000273e0c9c590 Thread exited: 0x00000273e0c9c590
Event: 1.061 Thread 0x00000273e0c9c590 Thread added: 0x00000273e0c9c590
Event: 1.109 Thread 0x00000273c6780080 Thread added: 0x00000273c6c4faf0
Event: 1.619 Thread 0x00000273c5ef02f0 Thread exited: 0x00000273c5ef02f0
Event: 5.538 Thread 0x00000273c53cc890 Thread exited: 0x00000273c53cc890
Event: 5.538 Thread 0x00000273c53e55f0 Thread exited: 0x00000273c53e55f0


Dynamic libraries:
0x00007ff7b85a0000 - 0x00007ff7b85b0000 	C:\Program Files\Java\jdk-23\bin\java.exe
0x00007ffc8e520000 - 0x00007ffc8e780000 	C:\WINDOWS\SYSTEM32\ntdll.dll
0x00007ffc4cdf0000 - 0x00007ffc4ce0a000 	C:\Program Files\Avast Software\Avast\aswhook.dll
0x00007ffc8c820000 - 0x00007ffc8c8e7000 	C:\WINDOWS\System32\KERNEL32.DLL
0x00007ffc8bea0000 - 0x00007ffc8c26a000 	C:\WINDOWS\System32\KERNELBASE.dll
0x00007ffc8b9e0000 - 0x00007ffc8bb2b000 	C:\WINDOWS\System32\ucrtbase.dll
0x00007ffc74df0000 - 0x00007ffc74e07000 	C:\Program Files\Java\jdk-23\bin\jli.dll
0x00007ffc8d2a0000 - 0x00007ffc8d46c000 	C:\WINDOWS\System32\USER32.dll
0x00007ffc8b9b0000 - 0x00007ffc8b9d7000 	C:\WINDOWS\System32\win32u.dll
0x00007ffc8c470000 - 0x00007ffc8c49a000 	C:\WINDOWS\System32\GDI32.dll
0x00007ffc8b870000 - 0x00007ffc8b9a1000 	C:\WINDOWS\System32\gdi32full.dll
0x00007ffc8c270000 - 0x00007ffc8c313000 	C:\WINDOWS\System32\msvcp_win.dll
0x00007ffc74dd0000 - 0x00007ffc74deb000 	C:\Program Files\Java\jdk-23\bin\VCRUNTIME140.dll
0x00007ffc68b30000 - 0x00007ffc68dc7000 	C:\WINDOWS\WinSxS\amd64_microsoft.windows.common-controls_6595b64144ccf1df_6.0.26100.3624_none_3e086962e3345f24\COMCTL32.dll
0x00007ffc8dfd0000 - 0x00007ffc8e079000 	C:\WINDOWS\System32\msvcrt.dll
0x00007ffc8c430000 - 0x00007ffc8c45f000 	C:\WINDOWS\System32\IMM32.DLL
0x00007ffc85f70000 - 0x00007ffc85f7c000 	C:\Program Files\Java\jdk-23\bin\vcruntime140_1.dll
0x00007ffc73890000 - 0x00007ffc7391e000 	C:\Program Files\Java\jdk-23\bin\msvcp140.dll
0x00007ffbd75c0000 - 0x00007ffbd830f000 	C:\Program Files\Java\jdk-23\bin\server\jvm.dll
0x00007ffc8e090000 - 0x00007ffc8e142000 	C:\WINDOWS\System32\ADVAPI32.dll
0x00007ffc8cbc0000 - 0x00007ffc8cc66000 	C:\WINDOWS\System32\sechost.dll
0x00007ffc8c4a0000 - 0x00007ffc8c5b6000 	C:\WINDOWS\System32\RPCRT4.dll
0x00007ffc8c320000 - 0x00007ffc8c394000 	C:\WINDOWS\System32\WS2_32.dll
0x00007ffc8b550000 - 0x00007ffc8b5ae000 	C:\WINDOWS\SYSTEM32\POWRPROF.dll
0x00007ffc80580000 - 0x00007ffc805b6000 	C:\WINDOWS\SYSTEM32\WINMM.dll
0x00007ffc7aa20000 - 0x00007ffc7aa2b000 	C:\WINDOWS\SYSTEM32\VERSION.dll
0x00007ffc8b530000 - 0x00007ffc8b544000 	C:\WINDOWS\SYSTEM32\UMPDC.dll
0x00007ffc8a4d0000 - 0x00007ffc8a4ea000 	C:\WINDOWS\SYSTEM32\kernel.appcore.dll
0x00007ffc7a120000 - 0x00007ffc7a12a000 	C:\Program Files\Java\jdk-23\bin\jimage.dll
0x00007ffc88e80000 - 0x00007ffc890c1000 	C:\WINDOWS\SYSTEM32\DBGHELP.DLL
0x00007ffc8e150000 - 0x00007ffc8e4d2000 	C:\WINDOWS\System32\combase.dll
0x00007ffc8c8f0000 - 0x00007ffc8c9c6000 	C:\WINDOWS\System32\OLEAUT32.dll
0x00007ffc78250000 - 0x00007ffc78289000 	C:\WINDOWS\SYSTEM32\dbgcore.DLL
0x00007ffc8bd70000 - 0x00007ffc8be09000 	C:\WINDOWS\System32\bcryptPrimitives.dll
0x00007ffc74c70000 - 0x00007ffc74c8e000 	C:\Program Files\Java\jdk-23\bin\java.dll
0x00007ffc8d520000 - 0x00007ffc8d6b6000 	C:\WINDOWS\System32\ole32.dll
0x00007ffc8d840000 - 0x00007ffc8df69000 	C:\WINDOWS\System32\SHELL32.dll
0x00007ffc8b700000 - 0x00007ffc8b868000 	C:\WINDOWS\System32\wintypes.dll
0x00007ffc89360000 - 0x00007ffc89bb2000 	C:\WINDOWS\SYSTEM32\windows.storage.dll
0x00007ffc8d6c0000 - 0x00007ffc8d7ad000 	C:\WINDOWS\System32\SHCORE.dll
0x00007ffc8d140000 - 0x00007ffc8d1a4000 	C:\WINDOWS\System32\shlwapi.dll
0x00007ffc8b610000 - 0x00007ffc8b63f000 	C:\WINDOWS\SYSTEM32\profapi.dll
0x00007ffc6dae0000 - 0x00007ffc6dbb7000 	C:\Program Files\Java\jdk-23\bin\jsvml.dll
0x00007ffc6d950000 - 0x00007ffc6dade000 	C:\Program Files\Java\jdk-23\bin\awt.dll
0x00007ffc88140000 - 0x00007ffc881dc000 	C:\WINDOWS\SYSTEM32\apphelp.dll
0x00007ffc88630000 - 0x00007ffc88666000 	C:\WINDOWS\system32\DWMAPI.DLL
0x00007ffc88310000 - 0x00007ffc883be000 	C:\WINDOWS\system32\uxtheme.dll
0x00007ffc54430000 - 0x00007ffc5453c000 	C:\WINDOWS\system32\opengl32.dll
0x00007ffc543c0000 - 0x00007ffc543ed000 	C:\WINDOWS\SYSTEM32\GLU32.dll
0x00007ffc886a0000 - 0x00007ffc886e7000 	C:\WINDOWS\SYSTEM32\dxcore.dll
0x00007ffc8c6c0000 - 0x00007ffc8c81d000 	C:\WINDOWS\System32\MSCTF.dll
0x00007ffc6b710000 - 0x00007ffc6b797000 	C:\Program Files\Java\jdk-23\bin\freetype.dll
0x00007ffc6aa80000 - 0x00007ffc6ab57000 	C:\Program Files\Java\jdk-23\bin\fontmanager.dll
0x00007ffc74dc0000 - 0x00007ffc74dd0000 	C:\Program Files\Java\jdk-23\bin\net.dll
0x00007ffc8a9d0000 - 0x00007ffc8aa3a000 	C:\WINDOWS\system32\mswsock.dll
0x00007ffc73b50000 - 0x00007ffc73b66000 	C:\Program Files\Java\jdk-23\bin\nio.dll
0x00007ffc73b30000 - 0x00007ffc73b47000 	C:\Program Files\Java\jdk-23\bin\zip.dll
0x00007ffc8d470000 - 0x00007ffc8d518000 	C:\WINDOWS\System32\clbcatq.dll
0x00007ffc86aa0000 - 0x00007ffc86cce000 	C:\WINDOWS\SYSTEM32\WindowsCodecs.dll
0x00007ffc4cd70000 - 0x00007ffc4cdca000 	C:\WINDOWS\system32\dataexchange.dll
0x00007ffc79850000 - 0x00007ffc79a8b000 	C:\WINDOWS\system32\twinapi.appcore.dll
0x00007ffc73d00000 - 0x00007ffc73d09000 	C:\Program Files\Java\jdk-23\bin\syslookup.dll
0x00007ffc77be0000 - 0x00007ffc77d29000 	C:\WINDOWS\SYSTEM32\textinputframework.dll
0x00007ffc87e80000 - 0x00007ffc87fa6000 	C:\WINDOWS\SYSTEM32\CoreMessaging.dll
0x00007ffc825a0000 - 0x00007ffc82883000 	C:\WINDOWS\SYSTEM32\CoreUIComponents.dll
0x00007ffc8ac00000 - 0x00007ffc8ac0c000 	C:\WINDOWS\SYSTEM32\CRYPTBASE.DLL
0x00007ffc4f070000 - 0x00007ffc4f0e9000 	C:\WINDOWS\system32\Ninput.dll

dbghelp: loaded successfully - version: 4.0.5 - missing functions: none
symbol engine: initialized successfully - sym options: 0x614 - pdb path: .;C:\Program Files\Java\jdk-23\bin;C:\WINDOWS\SYSTEM32;C:\Program Files\Avast Software\Avast;C:\WINDOWS\WinSxS\amd64_microsoft.windows.common-controls_6595b64144ccf1df_6.0.26100.3624_none_3e086962e3345f24;C:\Program Files\Java\jdk-23\bin\server

VM Arguments:
jvm_args: -XX:+ShowCodeDetailsInExceptionMessages 
java_command: App
java_class_path (initial): C:\Users\DELL\OneDrive\Desktop\GUI\bin
Launcher Type: SUN_STANDARD

[Global flags]
     intx CICompilerCount                          = 4                                         {product} {ergonomic}
     uint ConcGCThreads                            = 2                                         {product} {ergonomic}
     uint G1ConcRefinementThreads                  = 8                                         {product} {ergonomic}
   size_t G1HeapRegionSize                         = 1048576                                   {product} {ergonomic}
   size_t InitialHeapSize                          = 130023424                                 {product} {ergonomic}
   size_t MarkStackSize                            = 4194304                                   {product} {ergonomic}
   size_t MarkStackSizeMax                         = 536870912                                 {product} {ergonomic}
   size_t MaxHeapSize                              = 2080374784                                {product} {ergonomic}
   size_t MaxNewSize                               = 1247805440                                {product} {ergonomic}
   size_t MinHeapDeltaBytes                        = 1048576                                   {product} {ergonomic}
   size_t MinHeapSize                              = 8388608                                   {product} {ergonomic}
    uintx NonNMethodCodeHeapSize                   = 5832704                                {pd product} {ergonomic}
    uintx NonProfiledCodeHeapSize                  = 122945536                              {pd product} {ergonomic}
    uintx ProfiledCodeHeapSize                     = 122880000                              {pd product} {ergonomic}
    uintx ReservedCodeCacheSize                    = 251658240                              {pd product} {ergonomic}
     bool SegmentedCodeCache                       = true                                      {product} {ergonomic}
     bool ShowCodeDetailsInExceptionMessages       = true                                   {manageable} {command line}
   size_t SoftMaxHeapSize                          = 2080374784                             {manageable} {ergonomic}
     bool UseCompressedOops                        = true                           {product lp64_product} {ergonomic}
     bool UseG1GC                                  = true                                      {product} {ergonomic}
     bool UseLargePagesIndividualAllocation        = false                                  {pd product} {ergonomic}

Logging:
Log output configuration:
 #0: stdout all=warning uptime,level,tags foldmultilines=false
 #1: stderr all=off uptime,level,tags foldmultilines=false

Environment Variables:
PATH=C:\Program Files\Common Files\Oracle\Java\javapath;C:\WINDOWS\system32;C:\WINDOWS;C:\WINDOWS\System32\Wbem;C:\WINDOWS\System32\WindowsPowerShell\v1.0\;C:\WINDOWS\System32\OpenSSH\;C:\Users\DELL\AppData\Local\Microsoft\WindowsApps;C:\Users\DELL\AppData\Local\GitHubDesktop\bin;C:\Users\DELL\AppData\Local\Programs\Microsoft VS Code\bin
USERNAME=DELL
LANG=en_US.UTF-8
OS=Windows_NT
PROCESSOR_IDENTIFIER=Intel64 Family 6 Model 140 Stepping 1, GenuineIntel
TMP=C:\Users\DELL\AppData\Local\Temp
TEMP=C:\Users\DELL\AppData\Local\Temp




Periodic native trim disabled

---------------  S Y S T E M  ---------------

OS:
 Windows 11 , 64 bit Build 26100 (10.0.26100.3775)
OS uptime: 0 days 1:05 hours
Hyper-V role detected

CPU: total 8 (initial active 8) (4 cores per cpu, 2 threads per core) family 6 model 140 stepping 1 microcode 0xb8, cx8, cmov, fxsr, ht, mmx, 3dnowpref, sse, sse2, sse3, ssse3, sse4.1, sse4.2, popcnt, lzcnt, tsc, tscinvbit, avx, avx2, aes, erms, clmul, bmi1, bmi2, adx, avx512f, avx512dq, avx512cd, avx512bw, avx512vl, sha, fma, vzeroupper, avx512_vpopcntdq, avx512_vpclmulqdq, avx512_vaes, avx512_vnni, clflush, clflushopt, clwb, avx512_vbmi2, avx512_vbmi, hv, rdtscp, rdpid, fsrm, gfni, avx512_bitalg, f16c, cet_ibt, cet_ss, avx512_ifma
Processor Information for processor 0
  Max Mhz: 1690, Current Mhz: 1192, Mhz Limit: 1690
Processor Information for processor 1
  Max Mhz: 1690, Current Mhz: 1690, Mhz Limit: 1690
Processor Information for processor 2
  Max Mhz: 1690, Current Mhz: 1690, Mhz Limit: 1690
Processor Information for processor 3
  Max Mhz: 1690, Current Mhz: 1192, Mhz Limit: 1690
Processor Information for processor 4
  Max Mhz: 1690, Current Mhz: 1192, Mhz Limit: 1690
Processor Information for processor 5
  Max Mhz: 1690, Current Mhz: 1192, Mhz Limit: 1690
Processor Information for processor 6
  Max Mhz: 1690, Current Mhz: 1192, Mhz Limit: 1690
Processor Information for processor 7
  Max Mhz: 1690, Current Mhz: 1192, Mhz Limit: 1690

Memory: 4k page, system-wide physical 7934M (1013M free)
TotalPageFile size 19198M (AvailPageFile size 5121M)
current process WorkingSet (physical memory assigned to process): 89M, peak: 110M
current process commit charge ("private bytes"): 229M, peak: 253M

vm_info: Java HotSpot(TM) 64-Bit Server VM (23.0.1+11-39) for windows-amd64 JRE (23.0.1+11-39), built on 2024-09-30T07:20:43Z with MS VC++ 17.6 (VS2022)

END.
